프로젝트명,경도,위도,표고,시추공명,상심도,하심도,지층명
PJ_1-1,197344.925,522283.946,52.25,NH-1,0.0,2.0,매립토
PJ_1-1,197344.925,522283.946,52.25,NH-1,2.0,4.8,퇴적토
PJ_1-1,197344.925,522283.946,52.25,NH-1,4.8,14.0,풍화토
PJ_1-1,197344.925,522283.946,52.25,NH-1,14.0,22.0,풍화암
PJ_1-1,197341.323,522264.528,52.27,NH-2,0.0,2.0,매립토
PJ_1-1,197341.323,522264.528,52.27,NH-2,2.0,26.0,풍화토
PJ_1-1,197341.323,522264.528,52.27,NH-2,26.0,31.0,풍화암
PJ_1-1,197353.528,522248.598,51.93,NH-3,0.0,2.0,매립토
PJ_1-1,197353.528,522248.598,51.93,NH-3,2.0,7.6,퇴적토
PJ_1-1,197353.528,522248.598,51.93,NH-3,7.6,19.0,풍화토
PJ_1-1,197353.528,522248.598,51.93,NH-3,19.0,25.0,풍화암
PJ_1-1,197353.528,522248.598,51.93,NH-3,25.0,26.0,풍화토
PJ_1-1,197353.528,522248.598,51.93,NH-3,26.0,28.0,연암
PJ_1-1,197353.528,522248.598,51.93,NH-3,28.0,30.0,보통암
PJ_1-1,197353.528,522248.598,51.93,NH-3,30.0,31.0,풍화암
PJ_1-2,200052.222,519140.537,46.02,BH-1,0.0,1.4,매립토
PJ_1-2,200052.222,519140.537,46.02,BH-1,1.4,5.7,퇴적토
PJ_1-2,200052.222,519140.537,46.02,BH-1,5.7,13.0,풍화암
PJ_1-2,200052.222,519140.537,46.02,BH-1,13.0,20.0,연암
PJ_1-2,200041.181,519111.221,45.4,BH-2,0.0,2.6,매립토
PJ_1-2,200041.181,519111.221,45.4,BH-2,2.6,4.6,퇴적토
PJ_1-2,200041.181,519111.221,45.4,BH-2,4.6,7.0,풍화토
PJ_1-2,200041.181,519111.221,45.4,BH-2,7.0,13.0,풍화암
PJ_1-2,200041.181,519111.221,45.4,BH-2,13.0,20.0,연암
PJ_1-2,200024.01,519085.062,43.87,BH-3,0.0,0.5,매립토
PJ_1-2,200024.01,519085.062,43.87,BH-3,0.5,2.1,퇴적토
PJ_1-2,200024.01,519085.062,43.87,BH-3,2.1,8.5,풍화토
PJ_1-2,200024.01,519085.062,43.87,BH-3,8.5,12.0,풍화암
PJ_1-2,200049.473,519101.271,46.0,BH-4,0.0,1.6,매립토
PJ_1-2,200049.473,519101.271,46.0,BH-4,1.6,4.0,퇴적토
PJ_1-2,200049.473,519101.271,46.0,BH-4,4.0,9.0,풍화토
PJ_1-2,200049.473,519101.271,46.0,BH-4,9.0,9.6,풍화암
PJ_1-2,200049.473,519101.271,46.0,BH-4,9.6,10.0,풍화토
PJ_1-2,200049.473,519101.271,46.0,BH-4,10.0,10.7,풍화암
PJ_1-2,200049.473,519101.271,46.0,BH-4,10.7,11.0,연암
PJ_1-2,200049.473,519101.271,46.0,BH-4,11.0,15.0,풍화암
PJ_1-2,200049.473,519101.271,46.0,BH-4,15.0,20.0,연암
PJ_1-2,200049.473,519101.271,46.0,BH-4,20.0,28.0,보통암
PJ_1-2,200049.473,519101.271,46.0,BH-4,28.0,30.0,연암
PJ_1-3,199949.292,519205.416,40.74,NH-1,0.0,3.5,매립토
PJ_1-3,199949.292,519205.416,40.74,NH-1,3.5,6.0,풍화토
PJ_1-3,199949.292,519205.416,40.74,NH-1,6.0,14.0,풍화암
PJ_1-3,199949.292,519205.416,40.74,NH-1,14.0,16.0,연암
PJ_1-3,199949.292,519205.416,40.74,NH-1,16.0,20.5,보통암
PJ_1-3,199949.292,519205.416,40.74,NH-1,20.5,21.0,풍화암
PJ_1-3,199949.292,519205.416,40.74,NH-1,21.0,24.0,연암
PJ_1-3,199949.292,519205.416,40.74,NH-1,24.0,30.0,경암
PJ_1-4,199983.04,519226.49,41.7,BH-1,0.0,2.6,매립토
PJ_1-4,199983.04,519226.49,41.7,BH-1,2.6,4.0,풍화토
PJ_1-4,199983.04,519226.49,41.7,BH-1,4.0,5.5,풍화암
PJ_1-4,199983.04,519226.49,41.7,BH-1,5.5,15.0,연암
PJ_1-4,200014.88,519229.98,41.9,BH-2,0.0,1.7,매립토
PJ_1-4,200014.88,519229.98,41.9,BH-2,1.7,3.9,퇴적토
PJ_1-4,200014.88,519229.98,41.9,BH-2,3.9,4.9,풍화토
PJ_1-4,200014.88,519229.98,41.9,BH-2,4.9,15.0,연암
PJ_1-5,197406.98,522167.17,50.5,BH-1,0.0,3.7,매립토
PJ_1-5,197406.98,522167.17,50.5,BH-1,3.7,10.7,퇴적토
PJ_1-5,197406.98,522167.17,50.5,BH-1,10.7,13.0,풍화토
PJ_1-5,197406.98,522167.17,50.5,BH-1,13.0,13.8,연암
PJ_1-5,197432.36,522184.55,50.75,BH-2,0.0,3.7,매립토
PJ_1-5,197432.36,522184.55,50.75,BH-2,3.7,10.8,퇴적토
PJ_1-5,197432.36,522184.55,50.75,BH-2,10.8,12.8,풍화토
PJ_1-5,197432.36,522184.55,50.75,BH-2,12.8,13.8,연암
PJ_1-5,197413.52,522184.38,50.6,BH-3,0.0,1.5,매립토
PJ_1-5,197413.52,522184.38,50.6,BH-3,1.5,30.0,연암
PJ_1-6,200153.858,520666.619,64.7,BH-1,0.0,6.8,매립토
PJ_1-6,200153.858,520666.619,64.7,BH-1,6.8,14.0,풍화토
PJ_1-6,200153.858,520666.619,64.7,BH-1,14.0,23.0,풍화암
PJ_1-6,200153.858,520666.619,64.7,BH-1,23.0,40.0,연암
PJ_1-7,199671.943,520981.853,142.49,TB-1,0.0,4.5,매립토
PJ_1-7,199671.943,520981.853,142.49,TB-1,4.5,5.0,풍화토
PJ_1-7,199671.943,520981.853,142.49,TB-1,5.0,7.8,풍화암
PJ_1-7,199671.943,520981.853,142.49,TB-1,7.8,8.0,풍화토
PJ_1-7,199671.943,520981.853,142.49,TB-1,8.0,10.0,풍화암
PJ_1-7,199671.943,520981.853,142.49,TB-1,10.0,15.0,연암
PJ_1-7,199671.943,520981.853,142.49,TB-1,15.0,32.0,풍화암
PJ_1-7,199671.943,520981.853,142.49,TB-1,32.0,35.0,연암
PJ_1-9,198285.592,523151.362,52.48,BH-1,0.0,6.0,매립토
PJ_1-9,198285.592,523151.362,52.48,BH-1,6.0,28.0,풍화토
PJ_1-9,198285.592,523151.362,52.48,BH-1,28.0,33.0,풍화암
PJ_1-9,198279.237,523119.827,52.33,BH-2,0.0,5.0,매립토
PJ_1-9,198279.237,523119.827,52.33,BH-2,5.0,27.0,풍화토
PJ_1-9,198279.237,523119.827,52.33,BH-2,27.0,32.0,풍화암
PJ_1-9,198306.412,523121.879,49.63,BH-3,0.0,7.0,매립토
PJ_1-9,198306.412,523121.879,49.63,BH-3,7.0,27.0,풍화토
PJ_1-9,198306.412,523121.879,49.63,BH-3,27.0,32.0,풍화암
PJ_1-11,421982.904,421982.904,62.0,NH-1,0.0,2.5,매립토
PJ_1-11,421982.904,421982.904,62.0,NH-1,2.5,18.0,풍화토
PJ_1-11,421982.904,421982.904,62.0,NH-1,18.0,30.0,풍화암
PJ_1-11,421960.16,421960.16,62.0,NH-2,0.0,2.0,매립토
PJ_1-11,421960.16,421960.16,62.0,NH-2,2.0,19.5,풍화토
PJ_1-11,421960.16,421960.16,62.0,NH-2,19.5,25.0,풍화암
PJ_1-12,199324.923,522882.608,53.54,BH-1,0.0,3.5,매립토
PJ_1-12,199324.923,522882.608,53.54,BH-1,3.5,9.2,퇴적토
PJ_1-12,199324.923,522882.608,53.54,BH-1,9.2,12.3,풍화토
PJ_1-12,199324.923,522882.608,53.54,BH-1,12.3,15.0,풍화암
PJ_1-12,199324.923,522882.608,53.54,BH-1,15.0,16.0,연암
PJ_1-12,199324.923,522882.608,53.54,BH-1,16.0,22.0,경암
PJ_1-12,199350.755,522868.104,53.75,BH-2,0.0,2.7,매립토
PJ_1-12,199350.755,522868.104,53.75,BH-2,2.7,10.7,퇴적토
PJ_1-12,199350.755,522868.104,53.75,BH-2,10.7,13.5,풍화토
PJ_1-12,199350.755,522868.104,53.75,BH-2,13.5,21.0,연암
PJ_1-12,199322.276,522868.418,53.53,BH-3,0.0,10.7,퇴적토
PJ_1-12,199322.276,522868.418,53.53,BH-3,10.7,13.0,풍화토
PJ_1-12,199322.276,522868.418,53.53,BH-3,13.0,14.0,풍화암
PJ_1-12,199322.276,522868.418,53.53,BH-3,14.0,15.0,연암
PJ_1-12,199322.276,522868.418,53.53,BH-3,15.0,21.0,경암
PJ_1-13,197816.936,523353.219,72.12,BH-1,0.0,3.0,매립토
PJ_1-13,197816.936,523353.219,72.12,BH-1,3.0,11.7,퇴적토
PJ_1-13,197816.936,523353.219,72.12,BH-1,11.7,11.8,풍화암
PJ_1-13,197816.936,523353.219,72.12,BH-1,11.8,13.8,퇴적토
PJ_1-13,197816.936,523353.219,72.12,BH-1,13.8,14.2,풍화암
PJ_1-13,197816.936,523353.219,72.12,BH-1,14.2,14.3,퇴적토
PJ_1-13,197816.936,523353.219,72.12,BH-1,14.3,14.7,풍화암
PJ_1-13,197816.936,523353.219,72.12,BH-1,14.7,15.0,풍화토
PJ_1-13,197816.936,523353.219,72.12,BH-1,15.0,15.6,퇴적토
PJ_1-13,197816.936,523353.219,72.12,BH-1,15.6,16.0,경암
PJ_1-13,197816.936,523353.219,72.12,BH-1,16.0,16.4,풍화암
PJ_1-13,197816.936,523353.219,72.12,BH-1,16.4,16.5,퇴적토
PJ_1-13,197816.936,523353.219,72.12,BH-1,16.5,16.8,풍화암
PJ_1-13,197816.936,523353.219,72.12,BH-1,16.8,17.0,연암
PJ_1-13,197816.936,523353.219,72.12,BH-1,17.0,18.0,퇴적토
PJ_1-13,197816.936,523353.219,72.12,BH-1,18.0,18.2,풍화암
PJ_1-13,197816.936,523353.219,72.12,BH-1,18.2,18.4,연암
PJ_1-13,197816.936,523353.219,72.12,BH-1,18.4,18.8,풍화암
PJ_1-13,197816.936,523353.219,72.12,BH-1,18.8,19.0,경암
PJ_1-13,197816.936,523353.219,72.12,BH-1,19.0,19.5,풍화암
PJ_1-13,197816.936,523353.219,72.12,BH-1,19.5,21.0,연암
PJ_1-13,197816.936,523353.219,72.12,BH-1,21.0,21.6,풍화암
PJ_1-13,197816.936,523353.219,72.12,BH-1,21.6,22.0,경암
PJ_1-13,197816.936,523353.219,72.12,BH-1,22.0,22.5,풍화암
PJ_1-13,197816.936,523353.219,72.12,BH-1,22.5,23.0,경암
PJ_1-13,197816.936,523353.219,72.12,BH-1,23.0,24.0,연암
PJ_1-13,197816.936,523353.219,72.12,BH-1,24.0,25.5,경암
PJ_1-13,197816.936,523353.219,72.12,BH-1,25.5,27.0,풍화암
PJ_1-13,197816.936,523353.219,72.12,BH-1,27.0,29.0,경암
PJ_1-13,197816.936,523353.219,72.12,BH-1,29.0,30.0,연암
PJ_1-14,197354.602,520153.514,135.8,TB-10,0.0,4.8,매립토
PJ_1-14,197354.602,520153.514,135.8,TB-10,4.8,13.7,퇴적토
PJ_1-14,197354.602,520153.514,135.8,TB-10,13.7,16.0,풍화토
PJ_1-14,197354.602,520153.514,135.8,TB-10,16.0,19.5,풍화암
PJ_1-14,197354.602,520153.514,135.8,TB-10,19.5,23.0,연암
PJ_1-14,197181.912,520089.196,135.1,TB-11,0.0,4.6,매립토
PJ_1-14,197181.912,520089.196,135.1,TB-11,4.6,13.4,퇴적토
PJ_1-14,197181.912,520089.196,135.1,TB-11,13.4,15.0,풍화토
PJ_1-14,197181.912,520089.196,135.1,TB-11,15.0,18.0,풍화암
PJ_1-15,201294.266,521678.156,160.5,TB-01,0.0,1.2,매립토
PJ_1-15,201294.266,521678.156,160.5,TB-01,1.2,6.0,풍화토
PJ_1-15,201294.266,521678.156,160.5,TB-01,6.0,9.0,풍화암
PJ_1-15,201294.266,521678.156,160.5,TB-01,9.0,30.0,연암
PJ_1-15,201220.072,521675.464,160.3,TB-02,0.0,1.5,매립토
PJ_1-15,201220.072,521675.464,160.3,TB-02,1.5,9.0,풍화토
PJ_1-15,201220.072,521675.464,160.3,TB-02,9.0,15.0,풍화암
PJ_1-15,201220.072,521675.464,160.3,TB-02,15.0,18.0,연암
PJ_1-15,201123.932,521609.493,159.2,TB-03,0.0,1.0,매립토
PJ_1-15,201123.932,521609.493,159.2,TB-03,1.0,8.0,풍화토
PJ_1-15,201123.932,521609.493,159.2,TB-03,8.0,13.0,풍화암
PJ_1-15,201123.932,521609.493,159.2,TB-03,13.0,20.0,연암
PJ_1-15,201052.707,521603.935,159.2,TB-04,0.0,1.2,매립토
PJ_1-15,201052.707,521603.935,159.2,TB-04,1.2,10.0,풍화토
PJ_1-15,201052.707,521603.935,159.2,TB-04,10.0,16.0,풍화암
PJ_1-15,201052.707,521603.935,159.2,TB-04,16.0,19.0,연암
PJ_1-15,201011.201,521562.425,158.4,TB-05,0.0,1.0,매립토
PJ_1-15,201011.201,521562.425,158.4,TB-05,1.0,9.0,풍화토
PJ_1-15,201011.201,521562.425,158.4,TB-05,9.0,13.0,풍화암
PJ_1-15,201011.201,521562.425,158.4,TB-05,13.0,16.0,연암
PJ_1-15,200970.945,521581.582,158.4,TB-06,0.0,1.5,매립토
PJ_1-15,200970.945,521581.582,158.4,TB-06,1.5,10.0,풍화토
PJ_1-15,200970.945,521581.582,158.4,TB-06,10.0,16.0,풍화암
PJ_1-15,200970.945,521581.582,158.4,TB-06,16.0,19.0,연암
PJ_1-15,200939.913,521531.384,157.5,TB-07,0.0,1.0,매립토
PJ_1-15,200939.913,521531.384,157.5,TB-07,1.0,10.0,풍화토
PJ_1-15,200939.913,521531.384,157.5,TB-07,10.0,14.0,풍화암
PJ_1-15,200939.913,521531.384,157.5,TB-07,14.0,20.0,연암
PJ_1-15,200940.678,521579.072,158.5,TB-8,0.0,0.5,매립토
PJ_1-15,200940.678,521579.072,158.5,TB-8,0.5,9.0,풍화토
PJ_1-15,200940.678,521579.072,158.5,TB-8,9.0,17.0,풍화암
PJ_1-15,200940.678,521579.072,158.5,TB-8,17.0,20.0,연암
PJ_1-16,199934.887,519229.462,39.95,BH-1,0.0,3.9,매립토
PJ_1-16,199934.887,519229.462,39.95,BH-1,3.9,7.0,풍화토
PJ_1-16,199934.887,519229.462,39.95,BH-1,7.0,7.7,풍화암
PJ_1-16,199934.887,519229.462,39.95,BH-1,7.7,21.6,연암
PJ_1-16,199934.887,519229.462,39.95,BH-1,21.6,24.6,보통암
PJ_1-16,199962.796,519232.198,40.18,BH-2,0.0,2.7,매립토
PJ_1-16,199962.796,519232.198,40.18,BH-2,2.7,3.2,풍화암
PJ_1-16,199962.796,519232.198,40.18,BH-2,3.2,6.0,보통암
PJ_1-16,199962.796,519232.198,40.18,BH-2,6.0,20.0,경암
PJ_1-16,199948.446,519219.716,40.31,BH-3,0.0,1.7,매립토
PJ_1-16,199948.446,519219.716,40.31,BH-3,1.7,2.3,풍화암
PJ_1-16,199948.446,519219.716,40.31,BH-3,2.3,9.5,연암
PJ_1-16,199948.446,519219.716,40.31,BH-3,9.5,20.0,경암
PJ_1-16,199951.04,519193.248,41.45,BH-4,0.0,2.0,매립토
PJ_1-16,199951.04,519193.248,41.45,BH-4,2.0,3.0,풍화토
PJ_1-16,199951.04,519193.248,41.45,BH-4,3.0,4.0,풍화암
PJ_1-16,199951.04,519193.248,41.45,BH-4,4.0,8.8,연암
PJ_1-16,199951.04,519193.248,41.45,BH-4,8.8,17.3,보통암
PJ_1-16,199951.04,519193.248,41.45,BH-4,17.3,20.0,경암
PJ_1-17,200662.827,522632.24,53.85,NX-2,0.0,4.4,매립토
PJ_1-17,200662.827,522632.24,53.85,NX-2,4.4,11.5,퇴적토
PJ_1-17,200662.827,522632.24,53.85,NX-2,11.5,17.0,풍화토
PJ_1-17,200662.827,522632.24,53.85,NX-2,17.0,30.0,풍화암
PJ_1-18,37.30055556,127.01955556,70.8,BH-1,0.0,2.5,매립토
PJ_1-18,37.30055556,127.01955556,70.8,BH-1,2.5,10.0,퇴적토
PJ_1-18,37.30055556,127.01955556,70.8,BH-1,10.0,17.0,풍화토
PJ_1-18,37.30055556,127.01955556,70.8,BH-1,17.0,30.0,풍화암
PJ_1-18,452946.123,203031.544,71.1,BH-2,0.0,2.4,매립토
PJ_1-18,452946.123,203031.544,71.1,BH-2,2.4,10.0,퇴적토
PJ_1-18,452946.123,203031.544,71.1,BH-2,10.0,18.0,풍화토
PJ_1-18,452946.123,203031.544,71.1,BH-2,18.0,25.0,풍화암
PJ_1-19,203338.37,522719.986,0.0,NH-1,0.0,4.9,매립토
PJ_1-19,203338.37,522719.986,0.0,NH-1,4.9,18.8,퇴적토
PJ_1-19,203338.37,522719.986,0.0,NH-1,18.8,24.0,풍화토
PJ_1-19,203338.37,522719.986,0.0,NH-1,24.0,26.2,풍화암
PJ_1-19,203338.37,522719.986,0.0,NH-1,26.2,28.2,연암
PJ_1-19,203367.865,522700.107,0.0,NH-2,0.0,7.3,매립토
PJ_1-19,203367.865,522700.107,0.0,NH-2,7.3,20.0,퇴적토
PJ_1-19,203367.865,522700.107,0.0,NH-2,20.0,24.0,풍화토
PJ_1-19,203367.865,522700.107,0.0,NH-2,24.0,27.0,풍화암
PJ_1-19,203367.865,522700.107,0.0,NH-2,27.0,30.0,연암
PJ_1-19,203346.007,522650.847,0.0,NH-3,0.0,7.2,매립토
PJ_1-19,203346.007,522650.847,0.0,NH-3,7.2,20.4,퇴적토
PJ_1-19,203346.007,522650.847,0.0,NH-3,20.4,27.0,풍화토
PJ_1-19,203346.007,522650.847,0.0,NH-3,27.0,28.0,풍화암
PJ_1-19,203346.007,522650.847,0.0,NH-3,28.0,30.0,연암
PJ_1-20,199276.756,522930.766,54.07,BH-1,0.0,3.0,매립토
PJ_1-20,199276.756,522930.766,54.07,BH-1,3.0,5.0,퇴적토
PJ_1-20,199276.756,522930.766,54.07,BH-1,5.0,18.0,풍화토
PJ_1-20,199276.756,522930.766,54.07,BH-1,18.0,22.5,풍화암
PJ_1-20,199276.756,522930.766,54.07,BH-1,22.5,27.5,연암
PJ_1-20,199276.756,522930.766,54.07,BH-1,27.5,30.5,보통암
PJ_2-1,200079.735,519258.959,43.1,BH-1,0.0,1.5,매립토
PJ_2-1,200079.735,519258.959,43.1,BH-1,1.5,22.0,퇴적토
PJ_2-1,200079.735,519258.959,43.1,BH-1,22.0,24.5,풍화암
PJ_2-1,200079.735,519258.959,43.1,BH-1,24.5,30.0,연암
PJ_2-1,200110.386,519283.173,43.5,BH-2,0.0,1.5,매립토
PJ_2-1,200110.386,519283.173,43.5,BH-2,1.5,22.0,퇴적토
PJ_2-1,200110.386,519283.173,43.5,BH-2,22.0,25.0,풍화암
PJ_2-1,200110.386,519283.173,43.5,BH-2,25.0,26.0,연암
PJ_2-3,200135.346,519304.45,43.76,BH-1,0.0,3.8,매립토
PJ_2-3,200135.346,519304.45,43.76,BH-1,3.8,7.0,풍화토
PJ_2-3,200135.346,519304.45,43.76,BH-1,7.0,11.0,연암
PJ_2-3,200145.709,519307.292,44.51,BH-2,0.0,3.5,매립토
PJ_2-3,200145.709,519307.292,44.51,BH-2,3.5,9.5,풍화토
PJ_2-3,200145.709,519307.292,44.51,BH-2,9.5,11.0,풍화암
PJ_2-3,200145.709,519307.292,44.51,BH-2,11.0,17.0,연암
PJ_2-3,200137.249,519302.992,45.71,BH-3,0.0,0.8,매립토
PJ_2-3,200137.249,519302.992,45.71,BH-3,0.8,4.5,풍화토
PJ_2-3,200137.249,519302.992,45.71,BH-3,4.5,6.7,풍화암
PJ_2-3,200137.249,519302.992,45.71,BH-3,6.7,10.0,연암
PJ_2-4,198050.505,521775.899,53.16,BH-1,0.0,2.0,매립토
PJ_2-4,198050.505,521775.899,53.16,BH-1,2.0,21.4,퇴적토
PJ_2-4,198050.505,521775.899,53.16,BH-1,21.4,22.0,풍화암
PJ_2-4,198050.505,521775.899,53.16,BH-1,22.0,30.0,보통암
PJ_2-4,198084.34,521764.856,54.6,BH-2,0.0,2.0,매립토
PJ_2-4,198084.34,521764.856,54.6,BH-2,2.0,21.0,퇴적토
PJ_2-4,198084.34,521764.856,54.6,BH-2,21.0,21.7,풍화암
PJ_2-4,198084.34,521764.856,54.6,BH-2,21.7,24.7,연암
PJ_2-4,198043.751,521733.906,52.15,BH-3,0.0,2.0,매립토
PJ_2-4,198043.751,521733.906,52.15,BH-3,2.0,20.0,퇴적토
PJ_2-4,198043.751,521733.906,52.15,BH-3,20.0,21.0,풍화암
PJ_2-4,198043.751,521733.906,52.15,BH-3,21.0,24.0,연암
PJ_2-5,200561.307,522054.636,59.3,BH-1,0.0,5.0,매립토
PJ_2-5,200561.307,522054.636,59.3,BH-1,5.0,11.0,풍화토
PJ_2-5,200561.307,522054.636,59.3,BH-1,11.0,28.0,풍화암
PJ_2-5,200561.307,522054.636,59.3,BH-1,28.0,31.0,연암
PJ_2-5,200574.863,522067.525,59.0,BH-2,0.0,4.6,매립토
PJ_2-5,200574.863,522067.525,59.0,BH-2,4.6,11.0,풍화토
PJ_2-5,200574.863,522067.525,59.0,BH-2,11.0,27.0,풍화암
PJ_2-5,200574.863,522067.525,59.0,BH-2,27.0,30.0,연암
PJ_2-5,200587.309,522080.654,58.7,BH-3,0.0,4.6,매립토
PJ_2-5,200587.309,522080.654,58.7,BH-3,4.6,11.0,풍화토
PJ_2-5,200587.309,522080.654,58.7,BH-3,11.0,27.0,풍화암
PJ_2-5,200587.309,522080.654,58.7,BH-3,27.0,30.0,연암
PJ_2-6,200616.88,522118.4,0.0,BH-1,0.0,1.6,매립토
PJ_2-6,200616.88,522118.4,0.0,BH-1,1.6,11.0,퇴적토
PJ_2-6,200616.88,522118.4,0.0,BH-1,11.0,13.0,풍화암
PJ_2-6,200616.88,522118.4,0.0,BH-1,13.0,15.0,연암
PJ_2-6,200594.11,522115.04,0.0,BH-2,0.0,5.5,매립토
PJ_2-6,200594.11,522115.04,0.0,BH-2,5.5,10.5,퇴적토
PJ_2-6,200594.11,522115.04,0.0,BH-2,10.5,13.8,풍화암
PJ_2-6,200594.11,522115.04,0.0,BH-2,13.8,15.0,연암
PJ_2-6,200594.11,522115.04,0.0,BH-2,15.0,20.0,보통암
PJ_2-6,200590.62,522090.44,0.0,BH-3,0.0,5.7,매립토
PJ_2-6,200590.62,522090.44,0.0,BH-3,5.7,11.0,퇴적토
PJ_2-6,200590.62,522090.44,0.0,BH-3,11.0,14.0,풍화암
PJ_2-6,200590.62,522090.44,0.0,BH-3,14.0,16.0,연암
PJ_2-7,199421.416,523629.948,75.35,NX1,0.0,2.4,매립토
PJ_2-7,199421.416,523629.948,75.35,NX1,2.4,6.0,풍화토
PJ_2-7,199421.416,523629.948,75.35,NX1,6.0,29.0,풍화암
PJ_2-7,199421.416,523629.948,75.35,NX1,29.0,37.0,연암
PJ_2-7,199421.416,523629.948,75.35,NX1,37.0,45.0,경암
PJ_2-8,199037.557,520898.672,42.13,NH-1,0.0,2.0,매립토
PJ_2-8,199037.557,520898.672,42.13,NH-1,2.0,5.0,풍화토
PJ_2-8,199037.557,520898.672,42.13,NH-1,5.0,7.3,풍화암
PJ_2-8,199037.557,520898.672,42.13,NH-1,7.3,15.0,연암
PJ_2-8,199037.557,520898.672,42.13,NH-1,15.0,30.0,보통암
PJ_2-11,200189.94,519527.39,45.03,BH-1,0.0,3.5,매립토
PJ_2-11,200189.94,519527.39,45.03,BH-1,3.5,7.0,퇴적토
PJ_2-11,200189.94,519527.39,45.03,BH-1,7.0,12.0,풍화토
PJ_2-11,200189.94,519527.39,45.03,BH-1,12.0,13.0,연암
PJ_2-11,200189.94,519527.39,45.03,BH-1,13.0,28.0,보통암
PJ_2-11,200189.94,519527.39,45.03,BH-1,28.0,30.0,경암
PJ_2-11,200202.6,519513.83,47.21,BH-2,0.0,3.5,매립토
PJ_2-11,200202.6,519513.83,47.21,BH-2,3.5,7.5,퇴적토
PJ_2-11,200202.6,519513.83,47.21,BH-2,7.5,12.0,풍화토
PJ_2-11,200202.6,519513.83,47.21,BH-2,12.0,13.0,연암
PJ_2-13,198129.162,520273.573,55.5,BH-1,0.0,1.2,매립토
PJ_2-13,198129.162,520273.573,55.5,BH-1,1.2,6.0,풍화토
PJ_2-13,198129.162,520273.573,55.5,BH-1,6.0,15.2,풍화암
PJ_2-13,198129.162,520273.573,55.5,BH-1,15.2,18.2,연암
PJ_2-13,198138.797,520258.909,55.4,BH-2,0.0,1.6,매립토
PJ_2-13,198138.797,520258.909,55.4,BH-2,1.6,15.0,풍화토
PJ_2-13,198138.797,520258.909,55.4,BH-2,15.0,20.8,풍화암
PJ_2-13,198138.797,520258.909,55.4,BH-2,20.8,23.8,연암
PJ_2-13,198162.117,520283.656,54.8,BH-3,0.0,1.4,매립토
PJ_2-13,198162.117,520283.656,54.8,BH-3,1.4,7.1,퇴적토
PJ_2-13,198162.117,520283.656,54.8,BH-3,7.1,9.0,풍화토
PJ_2-13,198162.117,520283.656,54.8,BH-3,9.0,16.2,풍화암
PJ_2-13,198162.117,520283.656,54.8,BH-3,16.2,19.2,연암
PJ_2-13,198200.72,520276.664,53.9,BH-4,0.0,1.1,매립토
PJ_2-13,198200.72,520276.664,53.9,BH-4,1.1,7.2,퇴적토
PJ_2-13,198200.72,520276.664,53.9,BH-4,7.2,12.0,풍화토
PJ_2-13,198200.72,520276.664,53.9,BH-4,12.0,18.4,풍화암
PJ_2-13,198200.72,520276.664,53.9,BH-4,18.4,30.0,보통암
PJ_2-14,198304.18,522829.77,49.6,BH-1,0.0,2.5,매립토
PJ_2-14,198304.18,522829.77,49.6,BH-1,2.5,5.2,퇴적토
PJ_2-14,198304.18,522829.77,49.6,BH-1,5.2,7.8,풍화토
PJ_2-14,198304.18,522829.77,49.6,BH-1,7.8,18.5,연암
PJ_2-14,198304.18,522829.77,49.6,BH-1,18.5,20.0,보통암
PJ_2-14,198339.04,522833.28,49.2,BH-2,0.0,1.7,매립토
PJ_2-14,198339.04,522833.28,49.2,BH-2,1.7,4.7,퇴적토
PJ_2-14,198339.04,522833.28,49.2,BH-2,4.7,7.5,연암
PJ_2-15,196302.294,523765.354,61.9,CB-1,0.0,3.7,매립토
PJ_2-15,196302.294,523765.354,61.9,CB-1,3.7,12.0,풍화토
PJ_2-15,196302.294,523765.354,61.9,CB-1,12.0,14.5,풍화암
PJ_2-15,196302.294,523765.354,61.9,CB-1,14.5,17.5,보통암
PJ_2-15,196261.735,523590.496,67.5,CB-2,0.0,2.5,매립토
PJ_2-15,196261.735,523590.496,67.5,CB-2,2.5,9.5,풍화토
PJ_2-15,196261.735,523590.496,67.5,CB-2,9.5,11.0,풍화암
PJ_2-15,196261.735,523590.496,67.5,CB-2,11.0,14.0,경암
PJ_2-15,196261.911,523268.423,72.0,CB-3,0.0,3.7,매립토
PJ_2-15,196261.911,523268.423,72.0,CB-3,3.7,6.5,풍화토
PJ_2-15,196261.911,523268.423,72.0,CB-3,6.5,8.5,풍화암
PJ_2-15,196261.911,523268.423,72.0,CB-3,8.5,11.5,보통암
PJ_2-16,199383.841,521053.653,41.0,NH-1,0.0,3.3,매립토
PJ_2-16,199383.841,521053.653,41.0,NH-1,3.3,7.3,퇴적토
PJ_2-16,199383.841,521053.653,41.0,NH-1,7.3,17.0,풍화토
PJ_2-16,199383.841,521053.653,41.0,NH-1,17.0,19.0,풍화암
PJ_2-16,199383.841,521053.653,41.0,NH-1,19.0,27.0,보통암
PJ_2-16,199383.841,521053.653,41.0,NH-1,27.0,30.0,경암
PJ_2-17,199744.306,418893.741,36.31,NX-1,0.0,0.5,매립토
PJ_2-17,199744.306,418893.741,36.31,NX-1,0.5,3.0,풍화토
PJ_2-17,199744.306,418893.741,36.31,NX-1,3.0,5.0,풍화암
PJ_2-17,199744.306,418893.741,36.31,NX-1,5.0,10.0,연암
PJ_2-17,199814.249,418901.019,39.76,NX-2,0.0,0.5,매립토
PJ_2-17,199814.249,418901.019,39.76,NX-2,0.5,4.0,풍화토
PJ_2-17,199814.249,418901.019,39.76,NX-2,4.0,6.0,풍화암
PJ_2-17,199814.249,418901.019,39.76,NX-2,6.0,7.0,연암
PJ_2-18,199217.724,523482.279,171.68,TB-3,0.0,1.0,매립토
PJ_2-18,199217.724,523482.279,171.68,TB-3,1.0,6.5,풍화토
PJ_2-18,199217.724,523482.279,171.68,TB-3,6.5,13.0,연암
PJ_2-18,199217.724,523482.279,171.68,TB-3,13.0,22.0,보통암
PJ_2-18,199217.724,523482.279,171.68,TB-3,22.0,25.0,연암
PJ_2-18,199288.849,523439.507,169.1,TB-4,0.0,1.0,매립토
PJ_2-18,199288.849,523439.507,169.1,TB-4,1.0,2.2,풍화토
PJ_2-18,199288.849,523439.507,169.1,TB-4,2.2,5.2,보통암
PJ_2-18,199353.89,523403.422,167.37,TB-5,0.0,2.5,매립토
PJ_2-18,199353.89,523403.422,167.37,TB-5,2.5,3.5,풍화토
PJ_2-18,199353.89,523403.422,167.37,TB-5,3.5,19.0,보통암
PJ_2-18,199353.89,523403.422,167.37,TB-5,19.0,22.0,연암
PJ_2-18,199353.89,523403.422,167.37,TB-5,22.0,25.0,보통암
PJ_2-18,199511.832,523317.879,163.89,TB-6,0.0,1.3,매립토
PJ_2-18,199511.832,523317.879,163.89,TB-6,1.3,2.0,풍화토
PJ_2-18,199511.832,523317.879,163.89,TB-6,2.0,5.0,보통암
PJ_2-18,199511.832,523317.879,163.89,TB-6,5.0,8.0,경암
PJ_2-18,199625.965,523254.541,163.61,TB-7,0.0,2.5,매립토
PJ_2-18,199625.965,523254.541,163.61,TB-7,2.5,5.0,풍화토
PJ_2-18,199625.965,523254.541,163.61,TB-7,5.0,7.0,연암
PJ_2-18,199625.965,523254.541,163.61,TB-7,7.0,10.0,보통암
PJ_2-18,199625.965,523254.541,163.61,TB-7,10.0,22.0,경암
PJ_2-18,199625.965,523254.541,163.61,TB-7,22.0,25.0,보통암
PJ_2-18,199692.885,523218.581,166.31,TB-8,0.0,5.0,매립토
PJ_2-18,199692.885,523218.581,166.31,TB-8,5.0,8.0,연암
PJ_2-18,199847.601,523135.001,164.24,TB-9,0.0,5.0,매립토
PJ_2-18,199847.601,523135.001,164.24,TB-9,5.0,7.0,연암
PJ_2-18,199847.601,523135.001,164.24,TB-9,7.0,13.0,보통암
PJ_2-18,199847.601,523135.001,164.24,TB-9,13.0,19.0,경암
PJ_2-18,199847.601,523135.001,164.24,TB-9,19.0,25.0,보통암
PJ_2-19,199054.891,523645.632,171.89,TB-1,0.0,4.0,매립토
PJ_2-19,199054.891,523645.632,171.89,TB-1,4.0,4.8,풍화토
PJ_2-19,199054.891,523645.632,171.89,TB-1,4.8,6.0,풍화암
PJ_2-19,199054.891,523645.632,171.89,TB-1,6.0,21.0,연암
PJ_2-19,199054.891,523645.632,171.89,TB-1,21.0,30.0,보통암
PJ_2-19,199111.872,523575.57,172.92,TB-2,0.0,2.0,매립토
PJ_2-19,199111.872,523575.57,172.92,TB-2,2.0,4.0,풍화토
PJ_2-19,199111.872,523575.57,172.92,TB-2,4.0,5.4,풍화암
PJ_2-19,199111.872,523575.57,172.92,TB-2,5.4,8.4,연암
PJ_2-19,199111.872,523575.57,172.92,TB-2,8.4,10.0,보통암
PJ_2-20,197664.839,527775.964,155.47,TB-1,0.0,6.5,매립토
PJ_2-20,197664.839,527775.964,155.47,TB-1,6.5,10.5,퇴적토
PJ_2-20,197664.839,527775.964,155.47,TB-1,10.5,13.0,풍화토
PJ_2-20,197664.839,527775.964,155.47,TB-1,13.0,23.0,연암
PJ_2-20,197702.848,527697.077,155.7,TB-2,0.0,6.5,매립토
PJ_2-20,197702.848,527697.077,155.7,TB-2,6.5,11.0,퇴적토
PJ_2-20,197702.848,527697.077,155.7,TB-2,11.0,13.0,풍화토
PJ_2-20,197702.848,527697.077,155.7,TB-2,13.0,23.0,연암
PJ_2-20,197689.036,527614.124,156.29,TB-3,0.0,6.0,매립토
PJ_2-20,197689.036,527614.124,156.29,TB-3,6.0,10.0,퇴적토
PJ_2-20,197689.036,527614.124,156.29,TB-3,10.0,12.0,풍화토
PJ_2-20,197689.036,527614.124,156.29,TB-3,12.0,23.0,연암
PJ_3-1,203008.01,420875.12,159.27,TB-1,0.0,4.0,매립토
PJ_3-1,203008.01,420875.12,159.27,TB-1,4.0,7.5,퇴적토
PJ_3-1,203008.01,420875.12,159.27,TB-1,7.5,17.0,풍화토
PJ_3-1,203008.01,420875.12,159.27,TB-1,17.0,19.5,풍화암
PJ_3-1,203008.01,420875.12,159.27,TB-1,19.5,22.0,보통암
PJ_3-1,203008.01,420875.12,159.27,TB-1,22.0,25.0,경암
PJ_3-1,203008.01,420875.12,159.27,TB-1,25.0,28.0,보통암
PJ_3-1,203008.01,420875.12,159.27,TB-1,28.0,30.0,경암
PJ_3-1,203045.7,420777.13,157.91,TB-2,0.0,3.5,매립토
PJ_3-1,203045.7,420777.13,157.91,TB-2,3.5,7.3,퇴적토
PJ_3-1,203045.7,420777.13,157.91,TB-2,7.3,17.0,풍화토
PJ_3-1,203045.7,420777.13,157.91,TB-2,17.0,19.5,풍화암
PJ_3-1,203045.7,420777.13,157.91,TB-2,19.5,20.5,연암
PJ_3-2,200776.698,422496.073,155.1,TB-1,0.0,2.8,매립토
PJ_3-2,200776.698,422496.073,155.1,TB-1,2.8,3.5,풍화토
PJ_3-2,200776.698,422496.073,155.1,TB-1,3.5,4.0,풍화암
PJ_3-2,200776.698,422496.073,155.1,TB-1,4.0,5.0,연암
PJ_3-2,200776.698,422496.073,155.1,TB-1,5.0,15.0,경암
PJ_3-2,200845.433,422430.495,156.5,TB-2,0.0,2.9,매립토
PJ_3-2,200845.433,422430.495,156.5,TB-2,2.9,3.4,풍화토
PJ_3-2,200845.433,422430.495,156.5,TB-2,3.4,4.0,풍화암
PJ_3-2,200845.433,422430.495,156.5,TB-2,4.0,5.0,연암
PJ_3-2,200845.433,422430.495,156.5,TB-2,5.0,15.0,경암
PJ_3-3,202122.152,521668.193,62.7,BH-1,0.0,5.6,매립토
PJ_3-3,202122.152,521668.193,62.7,BH-1,5.6,19.2,퇴적토
PJ_3-3,202122.152,521668.193,62.7,BH-1,19.2,20.0,풍화암
PJ_3-3,202122.152,521668.193,62.7,BH-1,20.0,30.0,연암
PJ_3-3,546365.608,198691.79,15.75,BH-11,0.0,10.0,매립토
PJ_3-3,546365.608,198691.79,15.75,BH-11,10.0,22.5,퇴적토
PJ_3-3,546365.608,198691.79,15.75,BH-11,22.5,24.0,풍화암
PJ_3-3,546365.608,198691.79,15.75,BH-11,24.0,30.0,연암
PJ_3-5,201435.928,420199.128,48.2,BH-1,0.0,2.0,매립토
PJ_3-5,201435.928,420199.128,48.2,BH-1,2.0,5.0,퇴적토
PJ_3-5,201435.928,420199.128,48.2,BH-1,5.0,7.5,풍화토
PJ_3-5,201435.928,420199.128,48.2,BH-1,7.5,9.0,풍화암
PJ_3-5,201435.928,420199.128,48.2,BH-1,9.0,10.0,연암
PJ_3-5,201435.928,420199.128,48.2,BH-1,10.0,25.0,보통암
PJ_3-5,201435.928,420199.128,48.2,BH-1,25.0,30.0,경암
PJ_3-5,201454.044,420201.571,48.1,BH-2,0.0,3.0,매립토
PJ_3-5,201454.044,420201.571,48.1,BH-2,3.0,6.6,퇴적토
PJ_3-5,201454.044,420201.571,48.1,BH-2,6.6,7.5,풍화토
PJ_3-5,201454.044,420201.571,48.1,BH-2,7.5,8.5,풍화암
PJ_3-5,201454.044,420201.571,48.1,BH-2,8.5,10.0,연암
PJ_3-5,201454.044,420201.571,48.1,BH-2,10.0,15.0,보통암
PJ_3-6,199390.253,523976.757,92.89,BH-1,0.0,3.5,매립토
PJ_3-6,199390.253,523976.757,92.89,BH-1,3.5,5.5,퇴적토
PJ_3-6,199390.253,523976.757,92.89,BH-1,5.5,15.0,풍화토
PJ_3-6,199390.253,523976.757,92.89,BH-1,15.0,30.0,풍화암
PJ_3-7,199233.907,521384.729,0.0,BH-1,0.0,3.0,매립토
PJ_3-7,199233.907,521384.729,0.0,BH-1,3.0,16.5,퇴적토
PJ_3-7,199233.907,521384.729,0.0,BH-1,16.5,17.5,풍화암
PJ_3-7,199233.907,521384.729,0.0,BH-1,17.5,19.5,연암
PJ_3-7,199233.907,521384.729,0.0,BH-1,19.5,24.5,경암
PJ_3-7,199233.907,521384.729,0.0,BH-1,24.5,30.0,보통암
PJ_3-8,202352.973,520689.265,64.79,BH-1,0.0,3.5,매립토
PJ_3-8,202352.973,520689.265,64.79,BH-1,3.5,12.7,퇴적토
PJ_3-8,202352.973,520689.265,64.79,BH-1,12.7,13.3,풍화토
PJ_3-8,202352.973,520689.265,64.79,BH-1,13.3,18.0,연암
PJ_3-8,202388.817,520709.108,61.81,BH-2,0.0,3.3,매립토
PJ_3-8,202388.817,520709.108,61.81,BH-2,3.3,12.6,퇴적토
PJ_3-8,202388.817,520709.108,61.81,BH-2,12.6,13.4,풍화토
PJ_3-8,202388.817,520709.108,61.81,BH-2,13.4,15.0,연암
PJ_3-9,521130.0,521130.0,47.5,BH-1,0.0,1.4,매립토
PJ_3-9,521130.0,521130.0,47.5,BH-1,1.4,18.1,퇴적토
PJ_3-9,521130.0,521130.0,47.5,BH-1,18.1,18.5,풍화토
PJ_3-9,521130.0,521130.0,47.5,BH-1,18.5,19.0,풍화암
PJ_3-9,521130.0,521130.0,47.5,BH-1,19.0,30.0,경암
PJ_3-9,197876.46,521103.47,49.7,BH-2,0.0,1.2,매립토
PJ_3-9,197876.46,521103.47,49.7,BH-2,1.2,18.3,퇴적토
PJ_3-9,197876.46,521103.47,49.7,BH-2,18.3,18.8,풍화토
PJ_3-9,197876.46,521103.47,49.7,BH-2,18.8,19.5,풍화암
PJ_3-9,197876.46,521103.47,49.7,BH-2,19.5,22.5,경암
PJ_3-10,197635.5,527728.8,5.4,TB-1,0.0,3.6,매립토
PJ_3-10,197635.5,527728.8,5.4,TB-1,3.6,11.0,풍화토
PJ_3-10,197635.5,527728.8,5.4,TB-1,11.0,16.5,풍화암
PJ_3-10,197635.5,527728.8,5.4,TB-1,16.5,19.0,연암
PJ_3-10,197635.5,527728.8,5.4,TB-1,19.0,24.0,보통암
PJ_3-10,197814.1,527319.9,59.3,TB-2,0.0,0.8,매립토
PJ_3-10,197814.1,527319.9,59.3,TB-2,0.8,7.5,풍화토
PJ_3-10,197814.1,527319.9,59.3,TB-2,7.5,16.2,풍화암
PJ_3-10,197814.1,527319.9,59.3,TB-2,16.2,18.2,연암
PJ_3-10,198042.8,526917.6,62.0,TB-3,0.0,8.5,풍화토
PJ_3-10,198042.8,526917.6,62.0,TB-3,8.5,15.0,풍화암
PJ_3-10,198042.8,526917.6,62.0,TB-3,15.0,17.0,연암
PJ_3-12,201666.058,519360.745,40.73,BH-5,0.0,1.7,매립토
PJ_3-12,201666.058,519360.745,40.73,BH-5,1.7,16.7,퇴적토
PJ_3-12,201666.058,519360.745,40.73,BH-5,16.7,18.0,풍화토
PJ_3-12,201666.058,519360.745,40.73,BH-5,18.0,25.4,풍화암
PJ_3-12,201666.058,519360.745,40.73,BH-5,25.4,30.0,보통암
PJ_3-12,201727.337,519399.902,41.37,BH-6,0.0,1.8,매립토
PJ_3-12,201727.337,519399.902,41.37,BH-6,1.8,16.2,퇴적토
PJ_3-12,201727.337,519399.902,41.37,BH-6,16.2,18.0,풍화토
PJ_3-12,201727.337,519399.902,41.37,BH-6,18.0,25.0,풍화암
PJ_3-12,198294.09,519906.97,61.7,SB-1,0.0,8.0,퇴적토
PJ_3-12,198294.09,519906.97,61.7,SB-1,8.0,18.0,풍화토
PJ_3-12,198294.09,519906.97,61.7,SB-1,18.0,25.0,풍화암
PJ_3-12,198237.92,519669.03,52.5,SB-2,0.0,8.5,퇴적토
PJ_3-12,198237.92,519669.03,52.5,SB-2,8.5,12.0,풍화토
PJ_3-12,198237.92,519669.03,52.5,SB-2,12.0,20.0,풍화암
PJ_3-12,198406.27,519441.58,43.7,SB-3,0.0,0.4,매립토
PJ_3-12,198406.27,519441.58,43.7,SB-3,0.4,8.5,퇴적토
PJ_3-12,198406.27,519441.58,43.7,SB-3,8.5,14.5,풍화토
PJ_3-12,198406.27,519441.58,43.7,SB-3,14.5,21.5,풍화암
PJ_3-12,198190.96,519194.6,46.2,SB-4,0.0,8.0,퇴적토
PJ_3-12,198190.96,519194.6,46.2,SB-4,8.0,18.0,풍화토
PJ_3-12,198190.96,519194.6,46.2,SB-4,18.0,25.0,풍화암
PJ_3-12,198640.69,519240.93,34.1,SB-5,0.0,8.0,퇴적토
PJ_3-12,198640.69,519240.93,34.1,SB-5,8.0,19.0,풍화토
PJ_3-12,198640.69,519240.93,34.1,SB-5,19.0,28.0,풍화암
PJ_3-12,198901.78,519225.75,30.4,SB-6,0.0,0.8,매립토
PJ_3-12,198901.78,519225.75,30.4,SB-6,0.8,8.0,퇴적토
PJ_3-12,198901.78,519225.75,30.4,SB-6,8.0,18.0,풍화토
PJ_3-12,198901.78,519225.75,30.4,SB-6,18.0,25.0,풍화암
PJ_3-12,199046.25,519176.29,30.4,SB-7,0.0,7.5,퇴적토
PJ_3-12,199046.25,519176.29,30.4,SB-7,7.5,20.0,풍화토
PJ_3-12,199046.25,519176.29,30.4,SB-7,20.0,27.0,풍화암
PJ_3-12,199238.52,519063.76,30.3,SB-8,0.0,1.0,매립토
PJ_3-12,199238.52,519063.76,30.3,SB-8,1.0,1.3,퇴적토
PJ_3-12,199238.52,519063.76,30.3,SB-8,1.3,1.5,매립토
PJ_3-12,199238.52,519063.76,30.3,SB-8,1.5,3.5,퇴적토
PJ_3-12,199238.52,519063.76,30.3,SB-8,3.5,4.5,붕적토
PJ_3-12,199238.52,519063.76,30.3,SB-8,4.5,5.0,퇴적토
PJ_3-12,199238.52,519063.76,30.3,SB-8,5.0,8.0,풍화토
PJ_3-12,199238.52,519063.76,30.3,SB-8,8.0,8.4,풍화암
PJ_3-12,199238.52,519063.76,30.3,SB-8,8.4,9.4,연암
PJ_3-12,199238.52,519063.76,30.3,SB-8,9.4,11.0,풍화토
PJ_3-12,199238.52,519063.76,30.3,SB-8,11.0,11.5,풍화암
PJ_3-12,199238.52,519063.76,30.3,SB-8,11.5,12.9,연암
PJ_3-12,199238.52,519063.76,30.3,SB-8,12.9,13.0,풍화암
PJ_3-12,199238.52,519063.76,30.3,SB-8,13.0,18.0,풍화토
PJ_3-12,199238.52,519063.76,30.3,SB-8,18.0,20.0,풍화암
PJ_3-12,199238.52,519063.76,30.3,SB-8,20.0,23.0,풍화토
PJ_3-12,199238.52,519063.76,30.3,SB-8,23.0,30.0,풍화암
PJ_3-13,197740.8,523308.14,76.71,CB-1,0.0,1.0,매립토
PJ_3-13,197740.8,523308.14,76.71,CB-1,1.0,8.5,퇴적토
PJ_3-13,197740.8,523308.14,76.71,CB-1,8.5,12.0,풍화토
PJ_3-13,197740.8,523308.14,76.71,CB-1,12.0,30.0,풍화암
PJ_3-13,197877.56,523261.58,71.19,CB-2,0.0,1.0,매립토
PJ_3-13,197877.56,523261.58,71.19,CB-2,1.0,9.0,퇴적토
PJ_3-13,197877.56,523261.58,71.19,CB-2,9.0,16.0,풍화토
PJ_3-13,197877.56,523261.58,71.19,CB-2,16.0,26.3,풍화암
PJ_3-13,197877.56,523261.58,71.19,CB-2,26.3,30.0,연암
PJ_3-13,197837.94,522961.92,59.21,CB-3,0.0,1.0,매립토
PJ_3-13,197837.94,522961.92,59.21,CB-3,1.0,9.0,퇴적토
PJ_3-13,197837.94,522961.92,59.21,CB-3,9.0,14.0,풍화토
PJ_3-13,197837.94,522961.92,59.21,CB-3,14.0,25.0,풍화암
PJ_3-13,198184.45,523496.73,59.07,CB-4,0.0,1.0,매립토
PJ_3-13,198184.45,523496.73,59.07,CB-4,1.0,9.0,퇴적토
PJ_3-13,198184.45,523496.73,59.07,CB-4,9.0,14.0,풍화토
PJ_3-13,198184.45,523496.73,59.07,CB-4,14.0,25.0,풍화암
PJ_3-13,198238.86,523370.1,54.5,SB-1,0.0,1.0,매립토
PJ_3-13,198238.86,523370.1,54.5,SB-1,1.0,9.0,퇴적토
PJ_3-13,198238.86,523370.1,54.5,SB-1,9.0,13.0,풍화토
PJ_3-13,198238.86,523370.1,54.5,SB-1,13.0,30.0,풍화암
PJ_3-13,198279.42,523036.31,51.35,SB-2,0.0,1.0,매립토
PJ_3-13,198279.42,523036.31,51.35,SB-2,1.0,9.0,퇴적토
PJ_3-13,198279.42,523036.31,51.35,SB-2,9.0,12.0,풍화토
PJ_3-13,198279.42,523036.31,51.35,SB-2,12.0,25.5,풍화암
PJ_3-13,198279.42,523036.31,51.35,SB-2,25.5,28.0,연암
PJ_3-13,198279.42,523036.31,51.35,SB-2,28.0,30.0,경암
PJ_3-13,198299.23,522849.59,49.71,SB-3,0.0,1.0,매립토
PJ_3-13,198299.23,522849.59,49.71,SB-3,1.0,8.5,퇴적토
PJ_3-13,198299.23,522849.59,49.71,SB-3,8.5,11.0,풍화토
PJ_3-13,198299.23,522849.59,49.71,SB-3,11.0,30.0,풍화암
PJ_3-13,197990.54,523123.26,55.6,SB-4,0.0,0.7,매립토
PJ_3-13,197990.54,523123.26,55.6,SB-4,0.7,8.5,퇴적토
PJ_3-13,197990.54,523123.26,55.6,SB-4,8.5,10.0,풍화토
PJ_3-13,197990.54,523123.26,55.6,SB-4,10.0,25.0,풍화암
PJ_3-13,197937.15,522874.47,55.76,SB-5,0.0,2.9,매립토
PJ_3-13,197937.15,522874.47,55.76,SB-5,2.9,3.0,퇴적토
PJ_3-13,197937.15,522874.47,55.76,SB-5,3.0,3.5,매립토
PJ_3-13,197937.15,522874.47,55.76,SB-5,3.5,4.0,퇴적토
PJ_3-13,197937.15,522874.47,55.76,SB-5,4.0,5.5,매립토
PJ_3-13,197937.15,522874.47,55.76,SB-5,5.5,10.0,퇴적토
PJ_3-13,197937.15,522874.47,55.76,SB-5,10.0,10.5,풍화토
PJ_3-13,197937.15,522874.47,55.76,SB-5,10.5,11.5,퇴적토
PJ_3-13,197937.15,522874.47,55.76,SB-5,11.5,14.0,풍화토
PJ_3-13,197937.15,522874.47,55.76,SB-5,14.0,17.5,풍화암
PJ_3-13,197937.15,522874.47,55.76,SB-5,17.5,18.0,연암
PJ_3-13,197937.15,522874.47,55.76,SB-5,18.0,18.5,풍화암
PJ_3-13,197937.15,522874.47,55.76,SB-5,18.5,19.4,연암
PJ_3-13,197937.15,522874.47,55.76,SB-5,19.4,20.0,풍화암
PJ_3-13,197937.15,522874.47,55.76,SB-5,20.0,21.0,연암
PJ_3-13,197937.15,522874.47,55.76,SB-5,21.0,25.0,풍화암
PJ_3-13,197937.15,522874.47,55.76,SB-5,25.0,28.0,연암
PJ_3-13,197937.15,522874.47,55.76,SB-5,28.0,30.0,경암
PJ_3-14,197740.802,523308.144,76.71,CB-1,0.0,4.5,매립토
PJ_3-14,197740.802,523308.144,76.71,CB-1,4.5,6.8,풍화토
PJ_3-14,197740.802,523308.144,76.71,CB-1,6.8,10.0,연암
PJ_3-14,197740.802,523308.144,76.71,CB-1,10.0,19.0,경암
PJ_3-14,197740.802,523308.144,76.71,CB-1,19.0,25.0,보통암
PJ_3-14,197740.802,523308.144,76.71,CB-1,25.0,30.0,경암
PJ_3-15,199022.4,535961.3,47.2,BH-1,0.0,1.3,매립토
PJ_3-15,199022.4,535961.3,47.2,BH-1,1.3,3.5,풍화토
PJ_3-15,199022.4,535961.3,47.2,BH-1,3.5,4.5,풍화암
PJ_3-15,199022.4,535961.3,47.2,BH-1,4.5,7.5,연암
PJ_3-15,198259.0,534679.2,54.1,BH-2,0.0,1.5,매립토
PJ_3-15,198259.0,534679.2,54.1,BH-2,1.5,10.0,풍화토
PJ_3-15,198259.0,534679.2,54.1,BH-2,10.0,14.5,풍화암
PJ_3-15,198259.0,534679.2,54.1,BH-2,14.5,17.5,보통암
PJ_3-15,197913.3,533138.3,41.1,BH-3,0.0,1.0,매립토
PJ_3-15,197913.3,533138.3,41.1,BH-3,1.0,4.0,보통암
PJ_3-15,197586.1,532169.1,44.1,BH-4,0.0,1.2,매립토
PJ_3-15,197586.1,532169.1,44.1,BH-4,1.2,10.0,풍화토
PJ_3-15,197586.1,532169.1,44.1,BH-4,10.0,13.5,풍화암
PJ_3-15,197586.1,532169.1,44.1,BH-4,13.5,30.0,경암
PJ_3-15,197457.6,531272.6,56.6,BH-5,0.0,7.5,매립토
PJ_3-15,197457.6,531272.6,56.6,BH-5,7.5,10.5,보통암
PJ_3-15,196894.6,530427.5,58.8,BH-6,0.0,3.0,매립토
PJ_3-15,196894.6,530427.5,58.8,BH-6,3.0,17.0,풍화토
PJ_3-15,196894.6,530427.5,58.8,BH-6,17.0,20.2,풍화암
PJ_3-15,196894.6,530427.5,58.8,BH-6,20.2,23.2,연암
PJ_3-15,528982.0,528982.0,55.7,BH-7,0.0,1.6,매립토
PJ_3-15,528982.0,528982.0,55.7,BH-7,1.6,14.0,풍화토
PJ_3-15,528982.0,528982.0,55.7,BH-7,14.0,17.0,풍화암
PJ_3-15,528982.0,528982.0,55.7,BH-7,17.0,20.0,연암
PJ_3-15,198184.6,526808.9,66.0,BH-8,0.0,0.4,매립토
PJ_3-15,198184.6,526808.9,66.0,BH-8,0.4,9.0,풍화토
PJ_3-15,198184.6,526808.9,66.0,BH-8,9.0,15.0,풍화암
PJ_3-15,198184.6,526808.9,66.0,BH-8,15.0,18.0,연암
PJ_3-15,198543.0,525651.4,99.8,BH-9,0.0,1.3,매립토
PJ_3-15,198543.0,525651.4,99.8,BH-9,1.3,12.0,풍화토
PJ_3-15,198543.0,525651.4,99.8,BH-9,12.0,15.5,풍화암
PJ_3-15,198543.0,525651.4,99.8,BH-9,15.5,18.5,보통암
PJ_3-15,525211.5,198737.7,99.5,BH-10,0.0,0.8,매립토
PJ_3-15,525211.5,198737.7,99.5,BH-10,0.8,8.0,풍화토
PJ_3-15,525211.5,198737.7,99.5,BH-10,8.0,12.6,풍화암
PJ_3-15,525211.5,198737.7,99.5,BH-10,12.6,15.6,연암
PJ_3-15,524454.7,198912.8,77.3,BH-11,0.0,1.3,매립토
PJ_3-15,524454.7,198912.8,77.3,BH-11,1.3,7.0,풍화토
PJ_3-15,524454.7,198912.8,77.3,BH-11,7.0,10.3,풍화암
PJ_3-15,524454.7,198912.8,77.3,BH-11,10.3,13.3,보통암
PJ_3-15,523526.4,199160.5,8.0,BH-12,0.0,2.0,매립토
PJ_3-15,523526.4,199160.5,8.0,BH-12,2.0,10.4,풍화토
PJ_3-15,523526.4,199160.5,8.0,BH-12,10.4,14.5,풍화암
PJ_3-15,523526.4,199160.5,8.0,BH-12,14.5,30.0,경암
PJ_3-15,522992.0,522992.0,59.7,BH-13,0.0,0.6,매립토
PJ_3-15,522992.0,522992.0,59.7,BH-13,0.6,14.0,풍화토
PJ_3-15,522992.0,522992.0,59.7,BH-13,14.0,17.5,풍화암
PJ_3-15,522992.0,522992.0,59.7,BH-13,17.5,20.5,연암
PJ_3-15,522447.1,200794.8,56.0,BH-14,0.0,1.5,매립토
PJ_3-15,522447.1,200794.8,56.0,BH-14,1.5,10.0,풍화토
PJ_3-15,522447.1,200794.8,56.0,BH-14,10.0,13.0,풍화암
PJ_3-15,522447.1,200794.8,56.0,BH-14,13.0,16.0,연암
PJ_3-15,521456.7,201674.0,61.8,BH-15,0.0,1.4,매립토
PJ_3-15,521456.7,201674.0,61.8,BH-15,1.4,10.0,풍화토
PJ_3-15,521456.7,201674.0,61.8,BH-15,10.0,15.5,풍화암
PJ_3-15,521456.7,201674.0,61.8,BH-15,15.5,18.5,연암
PJ_3-15,527870.4,197572.7,54.3,BH-16,0.0,1.4,매립토
PJ_3-15,527870.4,197572.7,54.3,BH-16,1.4,3.0,풍화토
PJ_3-15,527870.4,197572.7,54.3,BH-16,3.0,7.3,풍화암
PJ_3-15,527870.4,197572.7,54.3,BH-16,7.3,10.0,연암
PJ_3-15,527870.4,197572.7,54.3,BH-16,10.0,30.0,경암
PJ_3-15,528111.0,528111.0,48.8,BH-17,0.0,1.5,매립토
PJ_3-15,528111.0,528111.0,48.8,BH-17,1.5,6.0,풍화토
PJ_3-15,528111.0,528111.0,48.8,BH-17,6.0,10.5,풍화암
PJ_3-15,528111.0,528111.0,48.8,BH-17,10.5,13.5,연암
PJ_3-15,527824.8,196274.3,55.1,BH-18,0.0,1.2,매립토
PJ_3-15,527824.8,196274.3,55.1,BH-18,1.2,7.0,풍화토
PJ_3-15,527824.8,196274.3,55.1,BH-18,7.0,11.0,풍화암
PJ_3-15,527824.8,196274.3,55.1,BH-18,11.0,14.0,연암
PJ_3-15,527403.4,195493.7,46.9,BH-19,0.0,1.4,매립토
PJ_3-15,527403.4,195493.7,46.9,BH-19,1.4,10.0,풍화토
PJ_3-15,527403.4,195493.7,46.9,BH-19,10.0,13.5,풍화암
PJ_3-15,527403.4,195493.7,46.9,BH-19,13.5,16.5,연암
PJ_3-15,527311.6,195364.4,48.8,BH-20,0.0,2.5,매립토
PJ_3-15,527311.6,195364.4,48.8,BH-20,2.5,6.5,풍화토
PJ_3-15,527311.6,195364.4,48.8,BH-20,6.5,7.3,풍화암
PJ_3-15,527311.6,195364.4,48.8,BH-20,7.3,10.3,연암
PJ_3-15,526083.6,193904.8,77.0,BH-21,0.0,2.5,매립토
PJ_3-15,526083.6,193904.8,77.0,BH-21,2.5,6.5,풍화토
PJ_3-15,526083.6,193904.8,77.0,BH-21,6.5,8.0,풍화암
PJ_3-15,526083.6,193904.8,77.0,BH-21,8.0,11.0,보통암
PJ_3-15,525607.8,192736.7,57.8,BH-22,0.0,3.3,매립토
PJ_3-15,525607.8,192736.7,57.8,BH-22,3.3,6.3,풍화토
PJ_3-15,525607.8,192736.7,57.8,BH-22,6.3,7.2,풍화암
PJ_3-15,525607.8,192736.7,57.8,BH-22,7.2,10.2,보통암
PJ_3-15,525187.7,191801.0,45.0,BH-23,0.0,2.8,매립토
PJ_3-15,525187.7,191801.0,45.0,BH-23,2.8,3.8,퇴적토
PJ_3-15,525187.7,191801.0,45.0,BH-23,3.8,6.5,풍화토
PJ_3-15,525187.7,191801.0,45.0,BH-23,6.5,7.2,풍화암
PJ_3-15,525187.7,191801.0,45.0,BH-23,7.2,10.2,연암
PJ_3-15,525394.0,525394.0,38.4,BH-24,0.0,2.8,매립토
PJ_3-15,525394.0,525394.0,38.4,BH-24,2.8,4.8,퇴적토
PJ_3-15,525394.0,525394.0,38.4,BH-24,4.8,7.0,풍화토
PJ_3-15,525394.0,525394.0,38.4,BH-24,7.0,8.5,풍화암
PJ_3-15,525394.0,525394.0,38.4,BH-24,8.5,10.0,연암
PJ_3-15,525394.0,525394.0,38.4,BH-24,10.0,16.0,보통암
PJ_3-15,525394.0,525394.0,38.4,BH-24,16.0,30.0,경암
PJ_3-15,525660.3,189862.4,59.1,BH-25,0.0,3.4,매립토
PJ_3-15,525660.3,189862.4,59.1,BH-25,3.4,4.6,퇴적토
PJ_3-15,525660.3,189862.4,59.1,BH-25,4.6,6.5,풍화토
PJ_3-15,525660.3,189862.4,59.1,BH-25,6.5,7.3,풍화암
PJ_3-15,525660.3,189862.4,59.1,BH-25,7.3,10.3,연암
PJ_3-15,525786.9,189549.0,76.2,BH-26,0.0,2.6,매립토
PJ_3-15,525786.9,189549.0,76.2,BH-26,2.6,6.8,퇴적토
PJ_3-15,525786.9,189549.0,76.2,BH-26,6.8,8.0,풍화토
PJ_3-15,525786.9,189549.0,76.2,BH-26,8.0,9.5,풍화암
PJ_3-15,525786.9,189549.0,76.2,BH-26,9.5,12.5,보통암
PJ_3-17,203513.05,421440.37,85.68,BH-1,0.0,1.5,매립토
PJ_3-17,203513.05,421440.37,85.68,BH-1,1.5,2.5,붕적토
PJ_3-17,203513.05,421440.37,85.68,BH-1,2.5,6.0,풍화토
PJ_3-17,203513.05,421440.37,85.68,BH-1,6.0,20.2,풍화암
PJ_3-17,203513.05,421440.37,85.68,BH-1,20.2,25.0,연암
PJ_3-17,203513.05,421440.37,85.68,BH-1,25.0,30.0,경암
PJ_3-17,203549.19,421448.52,84.35,BH-2,0.0,0.5,매립토
PJ_3-17,203549.19,421448.52,84.35,BH-2,0.5,2.0,붕적토
PJ_3-17,203549.19,421448.52,84.35,BH-2,2.0,5.0,풍화토
PJ_3-17,203549.19,421448.52,84.35,BH-2,5.0,16.0,풍화암
PJ_3-17,203577.76,421461.6,82.6,BH-3,0.0,1.5,매립토
PJ_3-17,203577.76,421461.6,82.6,BH-3,1.5,4.0,붕적토
PJ_3-17,203577.76,421461.6,82.6,BH-3,4.0,6.0,풍화토
PJ_3-17,203577.76,421461.6,82.6,BH-3,6.0,11.6,풍화암
PJ_3-17,203577.76,421461.6,82.6,BH-3,11.6,15.0,연암
PJ_3-17,203500.96,421483.79,84.71,BH-4,0.0,1.5,매립토
PJ_3-17,203500.96,421483.79,84.71,BH-4,1.5,4.4,붕적토  내지 암
PJ_3-17,203500.96,421483.79,84.71,BH-4,4.4,15.0,풍화암
PJ_3-18,203204.867,421457.584,96.99,BH-1,0.0,3.9,매립토
PJ_3-18,203204.867,421457.584,96.99,BH-1,3.9,12.0,퇴적토
PJ_3-18,203204.867,421457.584,96.99,BH-1,12.0,36.0,풍화토
PJ_3-18,203204.867,421457.584,96.99,BH-1,36.0,52.0,풍화암
PJ_3-18,203180.159,421422.734,98.87,BH-2,0.0,1.7,매립토
PJ_3-18,203180.159,421422.734,98.87,BH-2,1.7,12.3,퇴적토
PJ_3-18,203180.159,421422.734,98.87,BH-2,12.3,36.0,풍화토
PJ_3-18,203180.159,421422.734,98.87,BH-2,36.0,58.0,풍화암
PJ_3-18,203224.245,421446.683,96.75,BH-3,0.0,1.8,매립토
PJ_3-18,203224.245,421446.683,96.75,BH-3,1.8,14.0,퇴적토
PJ_3-18,203224.245,421446.683,96.75,BH-3,14.0,36.0,풍화토
PJ_3-18,203224.245,421446.683,96.75,BH-3,36.0,58.0,풍화암
PJ_3-18,203204.881,421411.408,97.73,BH-4,0.0,3.1,매립토
PJ_3-18,203204.881,421411.408,97.73,BH-4,3.1,14.5,퇴적토
PJ_3-18,203204.881,421411.408,97.73,BH-4,14.5,42.0,풍화토
PJ_3-18,203204.881,421411.408,97.73,BH-4,42.0,46.5,풍화암
PJ_3-18,203204.881,421411.408,97.73,BH-4,46.5,48.5,연암
PJ_3-18,203204.881,421411.408,97.73,BH-4,48.5,49.0,풍화암
PJ_3-19,203242.604,421527.915,92.79,BH-1,0.0,2.0,매립토
PJ_3-19,203242.604,421527.915,92.79,BH-1,2.0,4.3,퇴적토
PJ_3-19,203242.604,421527.915,92.79,BH-1,4.3,8.4,풍화토
PJ_3-19,203242.604,421527.915,92.79,BH-1,8.4,18.0,연암
PJ_3-19,203242.604,421527.915,92.79,BH-1,18.0,30.0,보통암
PJ_3-20,199878.433,419038.982,41.7,BH-01,0.0,1.9,매립토
PJ_3-20,199878.433,419038.982,41.7,BH-01,1.9,15.0,풍화토
PJ_3-20,199878.433,419038.982,41.7,BH-01,15.0,30.0,풍화암
PJ_3-20,199878.587,419093.128,46.2,BH-02,0.0,2.3,매립토
PJ_3-20,199878.587,419093.128,46.2,BH-02,2.3,15.0,풍화토
PJ_3-20,199878.587,419093.128,46.2,BH-02,15.0,30.0,풍화암
PJ_3-20,199956.841,419096.176,58.6,BH-03,0.0,1.8,매립토
PJ_3-20,199956.841,419096.176,58.6,BH-03,1.8,12.0,풍화토
PJ_3-20,199956.841,419096.176,58.6,BH-03,12.0,19.0,풍화암
PJ_3-20,199956.841,419096.176,58.6,BH-03,19.0,30.0,연암
PJ_3-20,200032.99,419110.424,50.8,BH-04,0.0,2.0,매립토
PJ_3-20,200032.99,419110.424,50.8,BH-04,2.0,14.0,풍화토
PJ_3-20,200032.99,419110.424,50.8,BH-04,14.0,21.3,풍화암
PJ_3-20,200032.99,419110.424,50.8,BH-04,21.3,30.0,연암
PJ_4-1,423084.741,423084.741,4.8,BH-1,0.0,1.5,매립토
PJ_4-1,423084.741,423084.741,4.8,BH-1,1.5,8.8,퇴적토
PJ_4-1,423084.741,423084.741,4.8,BH-1,8.8,26.0,풍화토
PJ_4-1,423084.741,423084.741,4.8,BH-1,26.0,27.0,풍화암
PJ_4-1,423084.741,423084.741,4.8,BH-1,27.0,30.0,연암
PJ_4-1,423084.741,423084.741,4.8,BH-1,30.0,33.0,풍화암
PJ_4-1,423084.741,423084.741,4.8,BH-1,33.0,35.2,연암
PJ_4-1,423084.741,423084.741,4.8,BH-1,35.2,40.0,풍화암
PJ_4-2,197532.932,422300.097,57.6,NX-1,0.0,2.2,매립토
PJ_4-2,197532.932,422300.097,57.6,NX-1,2.2,14.0,풍화토
PJ_4-2,197532.932,422300.097,57.6,NX-1,14.0,15.4,풍화암
PJ_4-2,197532.932,422300.097,57.6,NX-1,15.4,17.4,연암
PJ_4-2,197491.327,422304.045,56.0,NX-2,0.0,2.4,매립토
PJ_4-2,197491.327,422304.045,56.0,NX-2,2.4,14.0,풍화토
PJ_4-2,197491.327,422304.045,56.0,NX-2,14.0,14.5,풍화암
PJ_4-2,197491.327,422304.045,56.0,NX-2,14.5,19.0,연암
PJ_4-2,197491.327,422304.045,56.0,NX-2,19.0,30.0,보통암
PJ_4-2,197445.326,422299.556,55.6,NX-3,0.0,2.3,매립토
PJ_4-2,197445.326,422299.556,55.6,NX-3,2.3,13.0,풍화토
PJ_4-2,197445.326,422299.556,55.6,NX-3,13.0,14.0,풍화암
PJ_4-2,197445.326,422299.556,55.6,NX-3,14.0,16.0,연암
PJ_4-3,204960.4,522150.8,103.82,TB-15,0.0,2.9,매립토
PJ_4-3,204960.4,522150.8,103.82,TB-15,2.9,10.6,퇴적토
PJ_4-3,204960.4,522150.8,103.82,TB-15,10.6,12.0,풍화암
PJ_4-3,204960.4,522150.8,103.82,TB-15,12.0,13.5,연암
PJ_4-4,203684.696,422501.338,79.0,BX-1,0.0,0.3,매립토
PJ_4-4,203684.696,422501.338,79.0,BX-1,0.3,2.0,풍화토
PJ_4-4,203684.696,422501.338,79.0,BX-1,2.0,3.8,풍화암
PJ_4-4,203684.696,422501.338,79.0,BX-1,3.8,18.0,연암
PJ_4-4,203684.696,422501.338,79.0,BX-1,18.0,30.0,보통암
PJ_4-4,203724.658,422474.835,79.75,BX-2,0.0,0.2,매립토
PJ_4-4,203724.658,422474.835,79.75,BX-2,0.2,3.0,풍화토
PJ_4-4,203724.658,422474.835,79.75,BX-2,3.0,4.0,풍화암
PJ_4-4,203724.658,422474.835,79.75,BX-2,4.0,5.0,연암
PJ_4-6,203470.513,422264.088,87.5,BH-1,0.0,2.4,매립토
PJ_4-6,203470.513,422264.088,87.5,BH-1,2.4,3.6,풍화토
PJ_4-6,203470.513,422264.088,87.5,BH-1,3.6,10.0,연암
PJ_4-6,203470.513,422264.088,87.5,BH-1,10.0,15.0,경암
PJ_4-6,203517.659,422247.322,85.7,BH-2,0.0,0.6,매립토
PJ_4-6,203517.659,422247.322,85.7,BH-2,0.6,3.0,풍화토
PJ_4-6,203517.659,422247.322,85.7,BH-2,3.0,3.3,풍화암
PJ_4-6,203517.659,422247.322,85.7,BH-2,3.3,11.7,연암
PJ_4-6,203517.659,422247.322,85.7,BH-2,11.7,16.0,경암
PJ_4-6,203559.488,422219.421,83.1,BH-3,0.0,3.3,매립토
PJ_4-6,203559.488,422219.421,83.1,BH-3,3.3,6.0,풍화토
PJ_4-6,203559.488,422219.421,83.1,BH-3,6.0,6.4,풍화암
PJ_4-6,203559.488,422219.421,83.1,BH-3,6.4,7.5,연암
PJ_4-6,203559.488,422219.421,83.1,BH-3,7.5,11.0,경암
PJ_4-6,203559.488,422219.421,83.1,BH-3,11.0,16.0,보통암
PJ_4-9,201345.574,520405.682,50.4,BH-1,0.0,1.5,매립토
PJ_4-9,201345.574,520405.682,50.4,BH-1,1.5,5.0,퇴적토
PJ_4-9,201345.574,520405.682,50.4,BH-1,5.0,8.0,풍화토
PJ_4-9,201345.574,520405.682,50.4,BH-1,8.0,14.6,풍화암
PJ_4-9,201345.574,520405.682,50.4,BH-1,14.6,41.0,연암
PJ_4-9,201408.382,520380.98,49.7,BH-2,0.0,1.7,매립토
PJ_4-9,201408.382,520380.98,49.7,BH-2,1.7,6.0,퇴적토
PJ_4-9,201408.382,520380.98,49.7,BH-2,6.0,14.0,풍화토
PJ_4-9,201408.382,520380.98,49.7,BH-2,14.0,23.4,풍화암
PJ_4-9,201408.382,520380.98,49.7,BH-2,23.4,41.0,연암
PJ_4-9,201421.787,520170.659,47.8,BH-3,0.0,0.7,매립토
PJ_4-9,201421.787,520170.659,47.8,BH-3,0.7,7.6,퇴적토
PJ_4-9,201421.787,520170.659,47.8,BH-3,7.6,17.0,풍화토
PJ_4-9,201421.787,520170.659,47.8,BH-3,17.0,22.6,풍화암
PJ_4-9,201421.787,520170.659,47.8,BH-3,22.6,37.0,연암
PJ_4-9,201421.787,520170.659,47.8,BH-3,37.0,41.0,보통암
PJ_4-10,198455.58,423050.14,51.9,BH-1,0.0,0.5,매립토
PJ_4-10,198455.58,423050.14,51.9,BH-1,0.5,6.0,풍화토
PJ_4-10,198455.58,423050.14,51.9,BH-1,6.0,14.0,풍화암
PJ_4-10,198503.98,423052.3,56.3,BH-2,0.0,0.5,매립토
PJ_4-10,198503.98,423052.3,56.3,BH-2,0.5,9.0,풍화토
PJ_4-10,198503.98,423052.3,56.3,BH-2,9.0,26.5,풍화암
PJ_4-10,198503.98,423052.3,56.3,BH-2,26.5,30.0,연암
PJ_4-11,198325.879,423853.14,61.52,BH-1,0.0,2.6,매립토
PJ_4-11,198325.879,423853.14,61.52,BH-1,2.6,4.4,퇴적토
PJ_4-11,198325.879,423853.14,61.52,BH-1,4.4,14.0,풍화토
PJ_4-11,198325.879,423853.14,61.52,BH-1,14.0,21.0,풍화암
PJ_4-11,198308.762,423864.507,62.74,BH-2,0.0,6.3,매립토
PJ_4-11,198308.762,423864.507,62.74,BH-2,6.3,9.5,퇴적토
PJ_4-11,198308.762,423864.507,62.74,BH-2,9.5,14.0,풍화토
PJ_4-11,198308.762,423864.507,62.74,BH-2,14.0,23.1,풍화암
PJ_4-11,198308.762,423864.507,62.74,BH-2,23.1,30.0,보통암
PJ_4-11,198334.441,423865.449,61.58,BH-3,0.0,6.4,매립토
PJ_4-11,198334.441,423865.449,61.58,BH-3,6.4,9.6,퇴적토
PJ_4-11,198334.441,423865.449,61.58,BH-3,9.6,14.0,풍화토
PJ_4-11,198334.441,423865.449,61.58,BH-3,14.0,21.0,풍화암
PJ_4-13,209561.6,428890.2,144.2,BH-01,0.0,1.0,매립토
PJ_4-13,209561.6,428890.2,144.2,BH-01,1.0,28.0,연암
PJ_4-13,209561.6,428890.2,144.2,BH-01,28.0,30.0,경암
PJ_4-13,209639.89,428655.93,144.84,BH-02,0.0,1.0,매립토
PJ_4-13,209639.89,428655.93,144.84,BH-02,1.0,8.0,연암
PJ_4-14,203328.668,421605.045,82.76,BH-1,0.0,0.5,매립토
PJ_4-14,203328.668,421605.045,82.76,BH-1,0.5,2.0,퇴적토
PJ_4-14,203328.668,421605.045,82.76,BH-1,2.0,5.0,풍화암
PJ_4-14,203328.668,421605.045,82.76,BH-1,5.0,8.0,연암
PJ_4-14,203337.2,421588.801,79.36,BH-2,0.0,1.0,매립토
PJ_4-14,203337.2,421588.801,79.36,BH-2,1.0,2.0,퇴적토
PJ_4-14,203337.2,421588.801,79.36,BH-2,2.0,4.1,풍화암
PJ_4-14,203337.2,421588.801,79.36,BH-2,4.1,27.0,연암
PJ_4-14,203337.2,421588.801,79.36,BH-2,27.0,30.0,보통암
PJ_4-14,203352.716,421615.831,81.32,BH-3,0.0,3.0,매립토
PJ_4-14,203352.716,421615.831,81.32,BH-3,3.0,4.3,풍화암
PJ_4-14,203352.716,421615.831,81.32,BH-3,4.3,7.3,연암
PJ_4-14,203358.929,421596.832,78.91,BH-4,0.0,1.5,매립토
PJ_4-14,203358.929,421596.832,78.91,BH-4,1.5,2.0,퇴적토
PJ_4-14,203358.929,421596.832,78.91,BH-4,2.0,4.2,풍화암
PJ_4-14,203358.929,421596.832,78.91,BH-4,4.2,7.2,연암
PJ_4-16,199790.862,520511.467,0.0,BH-1,0.0,1.0,매립토
PJ_4-16,199790.862,520511.467,0.0,BH-1,1.0,2.0,퇴적토
PJ_4-16,199790.862,520511.467,0.0,BH-1,2.0,2.7,풍화토
PJ_4-16,199790.862,520511.467,0.0,BH-1,2.7,5.7,연암
PJ_4-16,199797.899,520530.569,0.0,BH-2,0.0,1.9,매립토
PJ_4-16,199797.899,520530.569,0.0,BH-2,1.9,3.0,풍화토
PJ_4-16,199797.899,520530.569,0.0,BH-2,3.0,4.7,풍화암
PJ_4-16,199797.899,520530.569,0.0,BH-2,4.7,9.7,연암
PJ_4-17,196972.87,522896.158,90.5,BH-1,0.0,5.3,매립토
PJ_4-17,196972.87,522896.158,90.5,BH-1,5.3,13.0,풍화토
PJ_4-17,196972.87,522896.158,90.5,BH-1,13.0,30.0,풍화암
PJ_4-18,201145.445,522425.679,0.0,BH-1,0.0,3.7,매립토
PJ_4-18,201145.445,522425.679,0.0,BH-1,3.7,11.5,퇴적토
PJ_4-18,201145.445,522425.679,0.0,BH-1,11.5,12.0,풍화토
PJ_4-18,201160.522,522414.477,0.0,BH-2,0.0,2.6,매립토
PJ_4-18,201160.522,522414.477,0.0,BH-2,2.6,12.0,퇴적토
PJ_4-19,201083.39,523063.341,64.4,BX-1,0.0,2.5,매립토
PJ_4-19,201083.39,523063.341,64.4,BX-1,2.5,6.5,퇴적토
PJ_4-19,201083.39,523063.341,64.4,BX-1,6.5,14.0,풍화토
PJ_4-19,201083.39,523063.341,64.4,BX-1,14.0,16.5,풍화암
PJ_4-19,201083.39,523063.341,64.4,BX-1,16.5,20.0,연암
PJ_4-19,201156.524,523020.542,61.7,BX-2,0.0,1.0,매립토
PJ_4-19,201156.524,523020.542,61.7,BX-2,1.0,6.8,퇴적토
PJ_4-19,201156.524,523020.542,61.7,BX-2,6.8,14.0,풍화토
PJ_4-19,201156.524,523020.542,61.7,BX-2,14.0,15.4,풍화암
PJ_4-19,201156.524,523020.542,61.7,BX-2,15.4,18.4,연암
PJ_4-19,201115.657,522984.783,61.7,BX-6,0.0,1.2,매립토
PJ_4-19,201115.657,522984.783,61.7,BX-6,1.2,6.5,퇴적토
PJ_4-19,201115.657,522984.783,61.7,BX-6,6.5,11.0,풍화토
PJ_4-19,201115.657,522984.783,61.7,BX-6,11.0,13.8,풍화암
PJ_4-19,201115.657,522984.783,61.7,BX-6,13.8,16.8,연암
PJ_4-20,201078.465,521513.437,50.2,BH-1,0.0,4.0,매립토
PJ_4-20,201078.465,521513.437,50.2,BH-1,4.0,7.5,퇴적토
PJ_4-20,201078.465,521513.437,50.2,BH-1,7.5,11.0,풍화토
PJ_4-20,201078.465,521513.437,50.2,BH-1,11.0,18.0,풍화암
PJ_4-20,201078.465,521513.437,50.2,BH-1,18.0,21.0,연암
PJ_4-20,201117.694,521491.336,50.4,BH-2,0.0,3.0,매립토
PJ_4-20,201117.694,521491.336,50.4,BH-2,3.0,7.5,퇴적토
PJ_4-20,201117.694,521491.336,50.4,BH-2,7.5,11.0,풍화토
PJ_4-20,201117.694,521491.336,50.4,BH-2,11.0,18.5,풍화암
PJ_4-20,201117.694,521491.336,50.4,BH-2,18.5,23.0,연암
PJ_5-1,200605.687,521942.651,61.5,NH-1,0.0,0.3,매립토
PJ_5-1,200605.687,521942.651,61.5,NH-1,0.3,7.0,풍화토
PJ_5-1,200605.687,521942.651,61.5,NH-1,7.0,10.0,풍화암
PJ_5-1,200658.007,421940.761,61.6,NH-2,0.0,0.4,매립토
PJ_5-1,200658.007,421940.761,61.6,NH-2,0.4,6.5,풍화토
PJ_5-1,200658.007,421940.761,61.6,NH-2,6.5,8.0,연암
PJ_5-1,200692.25,421966.339,61.1,NH-3,0.0,0.3,매립토
PJ_5-1,200692.25,421966.339,61.1,NH-3,0.3,4.0,풍화토
PJ_5-2,201384.413,521155.42,57.0,BH-1,0.0,5.0,매립토
PJ_5-2,201384.413,521155.42,57.0,BH-1,5.0,18.0,퇴적토
PJ_5-2,201384.413,521155.42,57.0,BH-1,18.0,20.0,풍화토
PJ_5-2,201384.413,521155.42,57.0,BH-1,20.0,23.5,풍화암
PJ_5-2,201384.413,521155.42,57.0,BH-1,23.5,26.0,연암
PJ_5-2,201384.413,521155.42,57.0,BH-1,26.0,40.0,경암
PJ_5-2,201458.088,521208.599,58.5,BH-2,0.0,2.5,매립토
PJ_5-2,201458.088,521208.599,58.5,BH-2,2.5,18.4,퇴적토
PJ_5-2,201458.088,521208.599,58.5,BH-2,18.4,25.0,풍화토
PJ_5-2,201458.088,521208.599,58.5,BH-2,25.0,27.0,풍화암
PJ_5-2,201458.088,521208.599,58.5,BH-2,27.0,40.0,경암
PJ_5-2,201480.32,521117.929,57.0,BH-3,0.0,2.5,매립토
PJ_5-2,201480.32,521117.929,57.0,BH-3,2.5,19.3,퇴적토
PJ_5-2,201480.32,521117.929,57.0,BH-3,19.3,21.0,풍화토
PJ_5-2,201480.32,521117.929,57.0,BH-3,21.0,35.7,풍화암
PJ_5-2,201480.32,521117.929,57.0,BH-3,35.7,40.0,경암
PJ_5-3,201056.898,523147.549,67.2,BH-1,0.0,9.0,매립토
PJ_5-3,201056.898,523147.549,67.2,BH-1,9.0,21.0,풍화토
PJ_5-3,201056.898,523147.549,67.2,BH-1,21.0,24.0,풍화암
PJ_5-3,201056.898,523147.549,67.2,BH-1,24.0,30.0,연암
PJ_5-4,196886.635,522093.242,62.01,NH-21,0.0,7.0,매립토
PJ_5-4,196886.635,522093.242,62.01,NH-21,7.0,17.0,퇴적토
PJ_5-4,196886.635,522093.242,62.01,NH-21,17.0,20.0,풍화토
PJ_5-4,196886.635,522093.242,62.01,NH-21,20.0,30.0,풍화암
PJ_5-4,196917.543,522048.794,67.77,NH-22,0.0,7.5,매립토
PJ_5-4,196917.543,522048.794,67.77,NH-22,7.5,15.0,퇴적토
PJ_5-4,196917.543,522048.794,67.77,NH-22,15.0,20.0,풍화토
PJ_5-4,196917.543,522048.794,67.77,NH-22,20.0,25.0,풍화암
PJ_5-5,196996.296,522004.129,57.1,NH-16,0.0,6.4,매립토
PJ_5-5,196996.296,522004.129,57.1,NH-16,6.4,11.0,풍화토
PJ_5-5,196996.296,522004.129,57.1,NH-16,11.0,13.3,풍화암
PJ_5-5,196996.296,522004.129,57.1,NH-16,13.3,31.3,연암
PJ_5-5,196996.296,522004.129,57.1,NH-16,31.3,40.0,경암
PJ_5-5,196996.296,522004.129,57.1,NH-16,40.0,42.0,연암
PJ_5-5,196996.296,522004.129,57.1,NH-16,42.0,44.0,경암
PJ_5-5,196871.012,522155.73,58.83,NH-17,0.0,0.3,매립토
PJ_5-5,196871.012,522155.73,58.83,NH-17,0.3,15.0,풍화토
PJ_5-5,196871.012,522155.73,58.83,NH-17,15.0,23.1,풍화암
PJ_5-5,196871.012,522155.73,58.83,NH-17,23.1,34.3,연암
PJ_5-5,196871.012,522155.73,58.83,NH-17,34.3,45.0,경암
PJ_5-5,196844.417,522141.433,60.8,NH-19,0.0,4.5,매립토
PJ_5-5,196844.417,522141.433,60.8,NH-19,4.5,9.0,풍화토
PJ_5-5,196844.417,522141.433,60.8,NH-19,9.0,16.1,풍화암
PJ_5-5,196844.417,522141.433,60.8,NH-19,16.1,22.0,연암
PJ_5-5,196844.417,522141.433,60.8,NH-19,22.0,25.0,경암
PJ_5-5,196844.417,522141.433,60.8,NH-19,25.0,37.0,연암
PJ_5-5,196844.417,522141.433,60.8,NH-19,37.0,46.0,경암
PJ_5-5,196862.772,522115.289,62.9,NH-20,0.0,14.6,매립토
PJ_5-5,196862.772,522115.289,62.9,NH-20,14.6,15.6,연암
PJ_5-5,196886.635,522093.242,62.01,NH-21,0.0,3.2,매립토
PJ_5-5,196886.635,522093.242,62.01,NH-21,3.2,4.3,붕적토
PJ_5-5,196886.635,522093.242,62.01,NH-21,4.3,12.3,풍화토
PJ_5-5,196886.635,522093.242,62.01,NH-21,12.3,13.0,연암
PJ_5-5,196886.635,522093.242,62.01,NH-21,13.0,16.0,경암
PJ_5-5,196886.635,522093.242,62.01,NH-21,16.0,22.0,연암
PJ_5-5,196886.635,522093.242,62.01,NH-21,22.0,39.0,경암
PJ_5-5,196917.543,522048.794,67.77,NH-22,0.0,11.9,매립토
PJ_5-5,196917.543,522048.794,67.77,NH-22,11.9,13.0,연암
PJ_5-6,197479.44,522068.034,0.0,BH-2,0.0,2.5,매립토
PJ_5-6,197479.44,522068.034,0.0,BH-2,2.5,11.8,퇴적토
PJ_5-6,197479.44,522068.034,0.0,BH-2,11.8,29.0,풍화토
PJ_5-6,197479.44,522068.034,0.0,BH-2,29.0,34.0,풍화암
PJ_5-6,197480.316,522043.182,0.0,BH-3,0.0,3.3,매립토
PJ_5-6,197480.316,522043.182,0.0,BH-3,3.3,11.0,퇴적토
PJ_5-6,197480.316,522043.182,0.0,BH-3,11.0,30.0,풍화토
PJ_5-6,197480.316,522043.182,0.0,BH-3,30.0,35.0,풍화암
PJ_5-7,199574.469,520623.407,45.9,NH-2,0.0,5.6,매립토
PJ_5-7,199574.469,520623.407,45.9,NH-2,5.6,14.7,퇴적토
PJ_5-7,199574.469,520623.407,45.9,NH-2,14.7,17.5,풍화토
PJ_5-7,199574.469,520623.407,45.9,NH-2,17.5,19.4,풍화암
PJ_5-7,199574.469,520623.407,45.9,NH-2,19.4,22.0,연암
PJ_5-7,199574.469,520623.407,45.9,NH-2,22.0,25.0,보통암
PJ_5-7,199574.469,520623.407,45.9,NH-2,25.0,35.0,경암
PJ_5-7,199603.21,520565.347,46.7,NH-3,0.0,4.5,매립토
PJ_5-7,199603.21,520565.347,46.7,NH-3,4.5,13.5,퇴적토
PJ_5-7,199603.21,520565.347,46.7,NH-3,13.5,15.4,풍화토
PJ_5-7,199603.21,520565.347,46.7,NH-3,15.4,16.0,연암
PJ_5-7,199603.21,520565.347,46.7,NH-3,16.0,19.0,보통암
PJ_5-7,199603.21,520565.347,46.7,NH-3,19.0,35.0,경암
PJ_5-7,199479.556,520665.722,39.8,NH-9,0.0,6.0,매립토
PJ_5-7,199479.556,520665.722,39.8,NH-9,6.0,16.5,퇴적토
PJ_5-7,199479.556,520665.722,39.8,NH-9,16.5,22.0,풍화토
PJ_5-7,199479.556,520665.722,39.8,NH-9,22.0,25.0,풍화암
PJ_5-7,199479.556,520665.722,39.8,NH-9,25.0,28.0,연암
PJ_5-7,199479.556,520665.722,39.8,NH-9,28.0,38.0,경암
PJ_5-7,199510.448,520596.679,40.7,NH-10,0.0,6.7,매립토
PJ_5-7,199510.448,520596.679,40.7,NH-10,6.7,14.5,퇴적토
PJ_5-7,199510.448,520596.679,40.7,NH-10,14.5,17.8,풍화토
PJ_5-7,199510.448,520596.679,40.7,NH-10,17.8,22.0,연암
PJ_5-7,199510.448,520596.679,40.7,NH-10,22.0,25.0,보통암
PJ_5-7,199510.448,520596.679,40.7,NH-10,25.0,35.0,경암
PJ_5-8,199597.952,520571.114,46.7,NH-4,0.0,4.5,매립토
PJ_5-8,199597.952,520571.114,46.7,NH-4,4.5,5.5,퇴적토
PJ_5-8,199597.952,520571.114,46.7,NH-4,5.5,10.0,풍화토
PJ_5-8,199597.952,520571.114,46.7,NH-4,10.0,14.0,풍화암
PJ_5-8,199597.952,520571.114,46.7,NH-4,14.0,16.0,연암
PJ_5-8,199597.952,520571.114,46.7,NH-4,16.0,21.0,보통암
PJ_5-8,199523.746,520663.013,43.1,NH-5,0.0,2.5,매립토
PJ_5-8,199523.746,520663.013,43.1,NH-5,2.5,4.3,퇴적토
PJ_5-8,199523.746,520663.013,43.1,NH-5,4.3,16.0,풍화토
PJ_5-8,199523.746,520663.013,43.1,NH-5,16.0,20.0,풍화암
PJ_5-8,199523.746,520663.013,43.1,NH-5,20.0,30.0,연암
PJ_5-8,199538.015,520611.854,41.6,NH-6,0.0,3.8,매립토
PJ_5-8,199538.015,520611.854,41.6,NH-6,3.8,5.0,풍화토
PJ_5-8,199538.015,520611.854,41.6,NH-6,5.0,9.2,풍화암
PJ_5-8,199538.015,520611.854,41.6,NH-6,9.2,30.0,연암
PJ_5-9,201207.311,522460.52,3.7,BH-1,0.0,4.9,매립토
PJ_5-9,201207.311,522460.52,3.7,BH-1,4.9,11.0,풍화토
PJ_5-9,201207.311,522460.52,3.7,BH-1,11.0,18.0,풍화암
PJ_5-9,201209.843,522466.323,5.4,BH-2,0.0,1.7,매립토
PJ_5-9,201209.843,522466.323,5.4,BH-2,1.7,13.0,풍화토
PJ_5-9,201209.843,522466.323,5.4,BH-2,13.0,18.0,풍화암
PJ_5-10,199343.691,521813.589,50.6,BH-2,0.0,3.5,매립토
PJ_5-10,199343.691,521813.589,50.6,BH-2,3.5,18.3,퇴적토
PJ_5-10,199343.691,521813.589,50.6,BH-2,18.3,20.0,풍화토
PJ_5-10,199343.691,521813.589,50.6,BH-2,20.0,21.3,풍화암
PJ_5-10,199343.691,521813.589,50.6,BH-2,21.3,30.0,연암
PJ_5-10,199338.527,521826.941,50.6,BH-3,0.0,3.7,매립토
PJ_5-10,199338.527,521826.941,50.6,BH-3,3.7,19.0,퇴적토
PJ_5-10,199338.527,521826.941,50.6,BH-3,19.0,20.0,풍화토
PJ_5-10,199338.527,521826.941,50.6,BH-3,20.0,21.0,풍화암
PJ_5-10,199338.527,521826.941,50.6,BH-3,21.0,22.0,연암
PJ_5-10,199354.542,521803.788,50.6,BH-4,0.0,3.6,매립토
PJ_5-10,199354.542,521803.788,50.6,BH-4,3.6,18.7,퇴적토
PJ_5-10,199354.542,521803.788,50.6,BH-4,18.7,21.0,풍화토
PJ_5-10,199354.542,521803.788,50.6,BH-4,21.0,22.0,풍화암
PJ_5-10,199354.542,521803.788,50.6,BH-4,22.0,23.0,연암
PJ_5-11,200548.088,521460.913,52.6,BH-1,0.0,8.0,매립토
PJ_5-11,200548.088,521460.913,52.6,BH-1,8.0,19.0,퇴적토
PJ_5-11,200548.088,521460.913,52.6,BH-1,19.0,20.5,풍화토
PJ_5-11,200548.088,521460.913,52.6,BH-1,20.5,25.8,연암
PJ_5-11,200548.088,521460.913,52.6,BH-1,25.8,28.0,보통암
PJ_5-11,200548.088,521460.913,52.6,BH-1,28.0,28.1,연암
PJ_5-11,200548.088,521460.913,52.6,BH-1,28.1,33.7,보통암
PJ_5-11,200548.088,521460.913,52.6,BH-1,33.7,36.4,연암
PJ_5-11,200548.088,521460.913,52.6,BH-1,36.4,40.0,보통암
PJ_5-11,200571.031,521474.665,53.1,BH-2,0.0,7.5,매립토
PJ_5-11,200571.031,521474.665,53.1,BH-2,7.5,16.7,퇴적토
PJ_5-11,200571.031,521474.665,53.1,BH-2,16.7,21.3,보통암
PJ_5-11,200571.031,521474.665,53.1,BH-2,21.3,22.8,연암
PJ_5-11,200571.031,521474.665,53.1,BH-2,22.8,28.0,보통암
PJ_5-11,200579.471,521488.706,53.1,BH-3,0.0,8.0,매립토
PJ_5-11,200579.471,521488.706,53.1,BH-3,8.0,17.4,퇴적토
PJ_5-11,200579.471,521488.706,53.1,BH-3,17.4,18.5,풍화토
PJ_5-11,200579.471,521488.706,53.1,BH-3,18.5,21.5,보통암
PJ_5-11,200579.471,521488.706,53.1,BH-3,21.5,23.1,연암
PJ_5-11,200579.471,521488.706,53.1,BH-3,23.1,25.8,보통암
PJ_5-11,200579.471,521488.706,53.1,BH-3,25.8,31.5,경암
PJ_5-11,200579.471,521488.706,53.1,BH-3,31.5,35.0,보통암
PJ_5-11,200591.093,521466.745,53.8,BH-4,0.0,8.4,매립토
PJ_5-11,200591.093,521466.745,53.8,BH-4,8.4,18.0,퇴적토
PJ_5-11,200591.093,521466.745,53.8,BH-4,18.0,20.0,풍화토
PJ_5-11,200591.093,521466.745,53.8,BH-4,20.0,20.5,풍화암
PJ_5-11,200591.093,521466.745,53.8,BH-4,20.5,23.1,보통암
PJ_5-11,200591.093,521466.745,53.8,BH-4,23.1,26.1,경암
PJ_5-11,200591.093,521466.745,53.8,BH-4,26.1,35.0,연암
PJ_5-12,198224.708,521477.338,45.8,BH-017,0.0,2.0,매립토
PJ_5-12,198224.708,521477.338,45.8,BH-017,2.0,3.7,퇴적토
PJ_5-12,198224.708,521477.338,45.8,BH-017,3.7,7.8,붕적토
PJ_5-12,198224.708,521477.338,45.8,BH-017,7.8,20.5,풍화토
PJ_5-12,198224.708,521477.338,45.8,BH-017,20.5,27.0,풍화암
PJ_5-12,198278.115,521482.739,42.2,BH-020,0.0,2.4,매립토
PJ_5-12,198278.115,521482.739,42.2,BH-020,2.4,7.5,퇴적토
PJ_5-12,198278.115,521482.739,42.2,BH-020,7.5,26.0,풍화토
PJ_5-12,198278.115,521482.739,42.2,BH-020,26.0,31.0,풍화암
PJ_5-12,198329.821,521410.233,41.0,BH-024,0.0,2.5,매립토
PJ_5-12,198329.821,521410.233,41.0,BH-024,2.5,9.3,퇴적토
PJ_5-12,198329.821,521410.233,41.0,BH-024,9.3,30.5,풍화토
PJ_5-12,198329.821,521410.233,41.0,BH-024,30.5,36.0,풍화암
PJ_5-12,198151.001,521381.027,46.9,BH-058,0.0,2.5,매립토
PJ_5-12,198151.001,521381.027,46.9,BH-058,2.5,8.2,퇴적토
PJ_5-12,198151.001,521381.027,46.9,BH-058,8.2,27.8,풍화토
PJ_5-12,198151.001,521381.027,46.9,BH-058,27.8,33.0,풍화암
PJ_5-13,199726.751,523077.76,50.0,BH-1,0.0,1.7,매립토
PJ_5-13,199726.751,523077.76,50.0,BH-1,1.7,9.0,풍화토
PJ_5-13,199726.751,523077.76,50.0,BH-1,9.0,20.4,풍화암
PJ_5-13,199726.751,523077.76,50.0,BH-1,20.4,30.0,연암
PJ_5-14,199072.5,520885.943,51.23,BH-1,0.0,10.3,매립토
PJ_5-14,199072.5,520885.943,51.23,BH-1,10.3,11.5,풍화토
PJ_5-14,199072.5,520885.943,51.23,BH-1,11.5,13.9,풍화암
PJ_5-14,199072.5,520885.943,51.23,BH-1,13.9,17.6,연암
PJ_5-14,199072.5,520885.943,51.23,BH-1,17.6,19.0,보통암
PJ_5-14,199072.5,520885.943,51.23,BH-1,19.0,22.0,연암
PJ_5-14,199059.799,520882.893,51.94,BH-2,0.0,5.0,매립토
PJ_5-14,199059.799,520882.893,51.94,BH-2,5.0,6.5,풍화암
PJ_5-14,199059.799,520882.893,51.94,BH-2,6.5,8.4,매립토
PJ_5-14,199059.799,520882.893,51.94,BH-2,8.4,9.0,풍화암
PJ_5-14,199059.799,520882.893,51.94,BH-2,9.0,25.0,연암
PJ_5-14,199059.799,520882.893,51.94,BH-2,25.0,26.5,보통암
PJ_5-14,199059.799,520882.893,51.94,BH-2,26.5,30.0,연암
PJ_5-15,198389.281,521347.807,40.1,BH-30,0.0,1.5,매립토
PJ_5-15,198389.281,521347.807,40.1,BH-30,1.5,20.0,풍화토
PJ_5-15,198389.281,521347.807,40.1,BH-30,20.0,25.8,풍화암
PJ_5-15,198389.281,521347.807,40.1,BH-30,25.8,30.0,연암
PJ_5-15,198181.831,521583.641,49.1,BH-50,0.0,2.0,매립토
PJ_5-15,198181.831,521583.641,49.1,BH-50,2.0,19.0,풍화토
PJ_5-15,198181.831,521583.641,49.1,BH-50,19.0,24.0,풍화암
PJ_5-16,204719.908,521212.596,77.4,CB-12,0.0,4.0,매립토
PJ_5-16,204719.908,521212.596,77.4,CB-12,4.0,10.5,퇴적토
PJ_5-16,204719.908,521212.596,77.4,CB-12,10.5,15.0,풍화토
PJ_5-16,204719.908,521212.596,77.4,CB-12,15.0,17.8,풍화암
PJ_5-16,204719.908,521212.596,77.4,CB-12,17.8,18.5,연암
PJ_5-16,204719.908,521212.596,77.4,CB-12,18.5,25.0,경암
PJ_5-16,205130.016,521172.308,80.3,CB-13,0.0,3.5,매립토
PJ_5-16,205130.016,521172.308,80.3,CB-13,3.5,10.5,퇴적토
PJ_5-16,205130.016,521172.308,80.3,CB-13,10.5,16.0,풍화토
PJ_5-16,205130.016,521172.308,80.3,CB-13,16.0,28.0,풍화암
PJ_5-16,205130.016,521172.308,80.3,CB-13,28.0,31.0,연암
PJ_5-16,205162.102,520972.148,69.9,CB-14,0.0,2.5,매립토
PJ_5-16,205162.102,520972.148,69.9,CB-14,2.5,10.0,퇴적토
PJ_5-16,205162.102,520972.148,69.9,CB-14,10.0,15.0,풍화토
PJ_5-16,205162.102,520972.148,69.9,CB-14,15.0,34.5,풍화암
PJ_5-16,205162.102,520972.148,69.9,CB-14,34.5,38.0,연암
PJ_5-16,204971.837,520591.027,60.8,CB-16,0.0,4.5,매립토
PJ_5-16,204971.837,520591.027,60.8,CB-16,4.5,10.5,퇴적토
PJ_5-16,204971.837,520591.027,60.8,CB-16,10.5,14.0,풍화토
PJ_5-16,204971.837,520591.027,60.8,CB-16,14.0,40.0,풍화암
PJ_5-17,203416.377,521996.241,118.8,BH-2,0.0,2.0,매립토
PJ_5-17,203416.377,521996.241,118.8,BH-2,2.0,4.9,붕적토
PJ_5-17,203416.377,521996.241,118.8,BH-2,4.9,31.0,풍화토
PJ_5-17,203416.377,521996.241,118.8,BH-2,31.0,34.0,풍화암
PJ_5-17,203416.377,521996.241,118.8,BH-2,34.0,37.0,연암
PJ_5-17,203443.119,522010.707,106.8,BH-3,0.0,0.9,매립토
PJ_5-17,203443.119,522010.707,106.8,BH-3,0.9,4.0,붕적토
PJ_5-17,203443.119,522010.707,106.8,BH-3,4.0,27.0,풍화토
PJ_5-17,203443.119,522010.707,106.8,BH-3,27.0,33.0,풍화암
PJ_5-17,203443.119,522010.707,106.8,BH-3,33.0,36.0,연암
PJ_5-17,203389.145,521996.487,123.6,BH-4,0.0,2.0,매립토
PJ_5-17,203389.145,521996.487,123.6,BH-4,2.0,31.0,풍화토
PJ_5-17,203389.145,521996.487,123.6,BH-4,31.0,33.6,풍화암
PJ_5-17,203389.145,521996.487,123.6,BH-4,33.6,36.6,연암
PJ_5-17,203384.24,521977.608,117.4,BH-5,0.0,0.9,매립토
PJ_5-17,203384.24,521977.608,117.4,BH-5,0.9,28.0,풍화토
PJ_5-17,203384.24,521977.608,117.4,BH-5,28.0,31.0,풍화암
PJ_5-17,203384.24,521977.608,117.4,BH-5,31.0,34.0,연암
PJ_5-18,207479.031,521652.723,96.7,CB-100,0.0,3.0,매립토
PJ_5-18,207479.031,521652.723,96.7,CB-100,3.0,4.8,풍화암
PJ_5-18,207479.031,521652.723,96.7,CB-100,4.8,11.4,연암
PJ_5-18,207479.031,521652.723,96.7,CB-100,11.4,15.0,보통암
PJ_5-19,199967.702,520345.537,71.2,BH-6,0.0,1.3,매립토
PJ_5-19,199967.702,520345.537,71.2,BH-6,1.3,3.2,풍화토
PJ_5-19,199967.702,520345.537,71.2,BH-6,3.2,4.5,경암
PJ_5-19,199967.702,520345.537,71.2,BH-6,4.5,10.5,풍화토
PJ_5-19,199967.702,520345.537,71.2,BH-6,10.5,15.0,풍화암
PJ_5-19,199967.702,520345.537,71.2,BH-6,15.0,18.0,보통암
PJ_5-19,199932.921,520312.505,65.7,BH-7,0.0,2.0,매립토
PJ_5-19,199932.921,520312.505,65.7,BH-7,2.0,19.0,풍화토
PJ_5-19,199932.921,520312.505,65.7,BH-7,19.0,20.2,풍화암
PJ_5-19,199932.921,520312.505,65.7,BH-7,20.2,30.0,경암
PJ_5-19,199786.221,520308.588,52.3,BH-9,0.0,1.5,매립토
PJ_5-19,199786.221,520308.588,52.3,BH-9,1.5,3.2,풍화토
PJ_5-19,199786.221,520308.588,52.3,BH-9,3.2,30.0,경암
PJ_5-19,199843.099,520256.203,52.3,BH-10,0.0,2.0,매립토
PJ_5-19,199843.099,520256.203,52.3,BH-10,2.0,4.3,퇴적토
PJ_5-19,199843.099,520256.203,52.3,BH-10,4.3,20.0,풍화토
PJ_5-19,199843.099,520256.203,52.3,BH-10,20.0,22.0,풍화암
PJ_5-19,199843.099,520256.203,52.3,BH-10,22.0,27.0,연암
PJ_5-19,199843.099,520256.203,52.3,BH-10,27.0,30.0,경암
PJ_5-19,200000.96,520277.651,62.9,BH-12,0.0,1.3,매립토
PJ_5-19,200000.96,520277.651,62.9,BH-12,1.3,2.8,퇴적토
PJ_5-19,200000.96,520277.651,62.9,BH-12,2.8,17.0,풍화토
PJ_5-19,200000.96,520277.651,62.9,BH-12,17.0,20.4,풍화암
PJ_5-19,200000.96,520277.651,62.9,BH-12,20.4,23.4,보통암
PJ_5-20,201633.556,520414.487,47.6,BH-1,0.0,7.5,매립토
PJ_5-20,201633.556,520414.487,47.6,BH-1,7.5,10.5,퇴적토
PJ_5-20,201633.556,520414.487,47.6,BH-1,10.5,11.6,매립토
PJ_5-20,201633.556,520414.487,47.6,BH-1,11.6,16.0,풍화토
PJ_5-20,201633.556,520414.487,47.6,BH-1,16.0,18.0,풍화암
PJ_5-20,201633.556,520414.487,47.6,BH-1,18.0,19.0,연암
PJ_5-20,201633.556,520414.487,47.6,BH-1,19.0,19.5,풍화암
PJ_5-20,201633.556,520414.487,47.6,BH-1,19.5,23.5,연암
PJ_5-20,201660.96,520360.482,47.8,BH-2,0.0,6.5,매립토
PJ_5-20,201660.96,520360.482,47.8,BH-2,6.5,9.7,퇴적토
PJ_5-20,201660.96,520360.482,47.8,BH-2,9.7,13.0,풍화토
PJ_5-20,201660.96,520360.482,47.8,BH-2,13.0,16.0,풍화암
PJ_5-20,201660.96,520360.482,47.8,BH-2,16.0,17.0,연암
PJ_5-20,201710.215,520384.685,48.3,BH-3,0.0,6.5,매립토
PJ_5-20,201710.215,520384.685,48.3,BH-3,6.5,12.6,풍화토
PJ_5-20,201710.215,520384.685,48.3,BH-3,12.6,13.6,연암
PJ_6-1,203240.412,521859.292,102.6,BH-1,0.0,1.4,매립토
PJ_6-1,203240.412,521859.292,102.6,BH-1,1.4,11.3,풍화토
PJ_6-1,203240.412,521859.292,102.6,BH-1,11.3,19.2,풍화암
PJ_6-1,203240.412,521859.292,102.6,BH-1,19.2,25.0,연암
PJ_6-1,203250.844,521863.51,100.9,BH-2,0.0,1.5,매립토
PJ_6-1,203250.844,521863.51,100.9,BH-2,1.5,11.0,풍화토
PJ_6-1,203250.844,521863.51,100.9,BH-2,11.0,16.0,풍화암
PJ_6-2,197037.763,522684.924,80.0,BH-1,0.0,7.0,매립토
PJ_6-2,197037.763,522684.924,80.0,BH-1,7.0,8.5,풍화토
PJ_6-2,197037.763,522684.924,80.0,BH-1,8.5,11.5,연암
PJ_6-2,197057.232,522664.66,75.0,BH-2,0.0,1.0,매립토
PJ_6-2,197057.232,522664.66,75.0,BH-2,1.0,3.0,풍화토
PJ_6-2,197057.232,522664.66,75.0,BH-2,3.0,11.0,풍화암
PJ_6-2,197057.232,522664.66,75.0,BH-2,11.0,30.0,연암
PJ_6-2,197079.676,522643.585,70.0,BH-3,0.0,1.5,매립토
PJ_6-2,197079.676,522643.585,70.0,BH-3,1.5,7.0,풍화토
PJ_6-2,197079.676,522643.585,70.0,BH-3,7.0,14.0,풍화암
PJ_6-2,197079.676,522643.585,70.0,BH-3,14.0,17.0,연암
PJ_6-3,198419.005,521736.427,0.0,BH-1,0.0,5.9,매립토
PJ_6-3,198419.005,521736.427,0.0,BH-1,5.9,9.0,풍화토
PJ_6-3,198419.005,521736.427,0.0,BH-1,9.0,16.8,풍화암
PJ_6-3,198419.005,521736.427,0.0,BH-1,16.8,30.0,연암
PJ_6-3,198409.735,521731.926,0.0,BH-2,0.0,5.8,매립토
PJ_6-3,198409.735,521731.926,0.0,BH-2,5.8,18.8,풍화토
PJ_6-3,198409.735,521731.926,0.0,BH-2,18.8,21.8,연암
PJ_6-4,199778.07,521843.201,44.48,BH-5,0.0,3.5,매립토
PJ_6-4,199778.07,521843.201,44.48,BH-5,3.5,9.8,퇴적토
PJ_6-4,199778.07,521843.201,44.48,BH-5,9.8,15.0,풍화토
PJ_6-4,199778.07,521843.201,44.48,BH-5,15.0,19.0,풍화암
PJ_6-4,199778.07,521843.201,44.48,BH-5,19.0,25.0,연암
PJ_6-4,199778.07,521843.201,44.48,BH-5,25.0,30.0,보통암
PJ_6-4,199719.1,521825.598,43.73,NH-1,0.0,4.5,매립토
PJ_6-4,199719.1,521825.598,43.73,NH-1,4.5,10.5,퇴적토
PJ_6-4,199719.1,521825.598,43.73,NH-1,10.5,14.0,풍화토
PJ_6-4,199719.1,521825.598,43.73,NH-1,14.0,16.0,풍화암
PJ_6-4,199719.1,521825.598,43.73,NH-1,16.0,20.0,연암
PJ_6-4,199799.615,521816.542,44.21,NH-2,0.0,6.8,매립토
PJ_6-4,199799.615,521816.542,44.21,NH-2,6.8,9.8,퇴적토
PJ_6-4,199799.615,521816.542,44.21,NH-2,9.8,15.0,풍화토
PJ_6-4,199799.615,521816.542,44.21,NH-2,15.0,21.5,풍화암
PJ_6-4,199799.615,521816.542,44.21,NH-2,21.5,25.0,연암
PJ_6-5,203142.589,521932.278,105.2,BH-1,0.0,3.0,매립토
PJ_6-5,203142.589,521932.278,105.2,BH-1,3.0,4.3,퇴적토
PJ_6-5,203142.589,521932.278,105.2,BH-1,4.3,4.8,매립토
PJ_6-5,203142.589,521932.278,105.2,BH-1,4.8,10.2,퇴적토
PJ_6-5,203142.589,521932.278,105.2,BH-1,10.2,15.0,풍화토
PJ_6-5,203142.589,521932.278,105.2,BH-1,15.0,23.0,풍화암
PJ_6-5,203142.589,521932.278,105.2,BH-1,23.0,26.0,보통암
PJ_6-5,203142.589,521932.278,105.2,BH-1,26.0,28.5,풍화암
PJ_6-5,203142.589,521932.278,105.2,BH-1,28.5,30.5,보통암
PJ_6-5,203142.589,521932.278,105.2,BH-1,30.5,31.5,연암
PJ_6-5,203142.589,521932.278,105.2,BH-1,31.5,35.0,보통암
PJ_6-5,203205.791,521920.958,98.0,BH-2,0.0,2.7,매립토
PJ_6-5,203205.791,521920.958,98.0,BH-2,2.7,10.5,퇴적토
PJ_6-5,203205.791,521920.958,98.0,BH-2,10.5,12.0,풍화토
PJ_6-5,203205.791,521920.958,98.0,BH-2,12.0,20.0,풍화암
PJ_6-5,203205.791,521920.958,98.0,BH-2,20.0,35.0,보통암
PJ_6-6,199028.567,522102.881,101.0,BH-1,0.0,4.5,매립토
PJ_6-6,199028.567,522102.881,101.0,BH-1,4.5,7.0,풍화토
PJ_6-6,199028.567,522102.881,101.0,BH-1,7.0,7.5,풍화암
PJ_6-6,199028.567,522102.881,101.0,BH-1,7.5,10.0,연암
PJ_6-6,199028.567,522102.881,101.0,BH-1,10.0,13.0,보통암
PJ_6-6,199028.567,522102.881,101.0,BH-1,13.0,30.0,연암
PJ_6-6,199024.921,522077.024,101.1,BH-2,0.0,3.7,매립토
PJ_6-6,199024.921,522077.024,101.1,BH-2,3.7,7.0,풍화토
PJ_6-6,199024.921,522077.024,101.1,BH-2,7.0,7.7,풍화암
PJ_6-6,199024.921,522077.024,101.1,BH-2,7.7,8.7,연암
PJ_6-8,199993.413,521024.221,54.71,BH-16,0.0,12.0,매립토
PJ_6-8,199993.413,521024.221,54.71,BH-16,12.0,20.0,풍화암
PJ_6-8,199993.413,521024.221,54.71,BH-16,20.0,21.0,매립토
PJ_6-8,199993.413,521024.221,54.71,BH-16,21.0,24.0,풍화암
PJ_6-8,200100.576,521027.123,54.37,BH-17,0.0,8.5,매립토
PJ_6-8,200100.576,521027.123,54.37,BH-17,8.5,12.5,풍화암
PJ_6-8,200100.576,521027.123,54.37,BH-17,12.5,15.5,보통암
PJ_6-8,200100.576,521027.123,54.37,BH-17,15.5,30.0,경암
PJ_6-8,200080.872,521046.725,53.62,BH-18,0.0,9.5,매립토
PJ_6-8,200080.872,521046.725,53.62,BH-18,9.5,19.0,퇴적토
PJ_6-8,200080.872,521046.725,53.62,BH-18,19.0,22.0,풍화암
PJ_6-9,199993.834,520965.945,58.0,BH-1,0.0,0.5,매립토
PJ_6-9,199993.834,520965.945,58.0,BH-1,0.5,5.5,풍화토
PJ_6-9,199993.834,520965.945,58.0,BH-1,5.5,7.4,풍화암
PJ_6-9,199993.834,520965.945,58.0,BH-1,7.4,13.0,연암
PJ_6-9,199993.834,520965.945,58.0,BH-1,13.0,25.0,보통암
PJ_6-9,200032.008,520962.416,58.1,BH-2,0.0,0.5,매립토
PJ_6-9,200032.008,520962.416,58.1,BH-2,0.5,6.0,풍화토
PJ_6-9,200032.008,520962.416,58.1,BH-2,6.0,6.5,풍화암
PJ_6-9,200032.008,520962.416,58.1,BH-2,6.5,13.0,연암
PJ_6-9,200032.008,520962.416,58.1,BH-2,13.0,30.0,보통암
PJ_6-9,200078.974,520964.076,57.5,BH-3,0.0,0.5,매립토
PJ_6-9,200078.974,520964.076,57.5,BH-3,0.5,2.5,풍화암
PJ_6-9,200078.974,520964.076,57.5,BH-3,2.5,25.0,연암
PJ_6-9,199964.1,520986.687,56.4,BH-4,0.0,5.0,풍화토
PJ_6-9,199964.1,520986.687,56.4,BH-4,5.0,8.0,풍화암
PJ_6-9,199964.1,520986.687,56.4,BH-4,8.0,10.0,연암
PJ_6-9,199964.1,520986.687,56.4,BH-4,10.0,11.0,경암
PJ_6-9,199996.014,520987.968,57.0,BH-5,0.0,8.0,매립토
PJ_6-9,199996.014,520987.968,57.0,BH-5,8.0,10.5,풍화토
PJ_6-9,199996.014,520987.968,57.0,BH-5,10.5,13.5,연암
PJ_6-9,200028.858,520990.208,57.2,BH-6,0.0,8.0,매립토
PJ_6-9,200028.858,520990.208,57.2,BH-6,8.0,9.0,풍화토
PJ_6-9,200028.858,520990.208,57.2,BH-6,9.0,14.5,풍화암
PJ_6-9,200070.112,520992.339,56.4,BH-7,0.0,8.2,매립토
PJ_6-9,200070.112,520992.339,56.4,BH-7,8.2,11.0,풍화토
PJ_6-9,200070.112,520992.339,56.4,BH-7,11.0,14.8,풍화암
PJ_6-9,200070.112,520992.339,56.4,BH-7,14.8,30.0,연암
PJ_6-9,200106.946,520991.43,55.9,BH-8,0.0,0.6,매립토
PJ_6-9,200106.946,520991.43,55.9,BH-8,0.6,4.0,풍화토
PJ_6-9,200106.946,520991.43,55.9,BH-8,4.0,9.7,풍화암
PJ_6-9,200106.946,520991.43,55.9,BH-8,9.7,16.0,연암
PJ_6-10,199897.997,522039.267,0.0,BH-1,0.0,3.0,매립토
PJ_6-10,199897.997,522039.267,0.0,BH-1,3.0,13.0,퇴적토
PJ_6-10,199897.997,522039.267,0.0,BH-1,13.0,20.0,풍화암
PJ_6-10,199936.722,522033.846,0.0,BH-2,0.0,3.5,매립토
PJ_6-10,199936.722,522033.846,0.0,BH-2,3.5,21.0,퇴적토
PJ_6-10,199936.722,522033.846,0.0,BH-2,21.0,27.0,풍화암
PJ_6-10,199936.722,522033.846,0.0,BH-2,27.0,30.0,연암
PJ_6-11,200864.652,522674.693,50.18,NH-2,0.0,2.5,매립토
PJ_6-11,200864.652,522674.693,50.18,NH-2,2.5,22.0,퇴적토
PJ_6-11,200864.652,522674.693,50.18,NH-2,22.0,24.0,풍화암
PJ_6-11,200864.652,522674.693,50.18,NH-2,24.0,27.0,연암
PJ_6-12,199974.149,521215.195,0.0,BH-1,0.0,2.8,매립토
PJ_6-12,199974.149,521215.195,0.0,BH-1,2.8,5.0,풍화토
PJ_6-12,199974.149,521215.195,0.0,BH-1,5.0,5.8,풍화암
PJ_6-12,199974.149,521215.195,0.0,BH-1,5.8,22.0,경암
PJ_6-12,199941.182,521223.613,0.0,BH-2,0.0,5.0,매립토
PJ_6-12,199941.182,521223.613,0.0,BH-2,5.0,7.0,풍화토
PJ_6-12,199941.182,521223.613,0.0,BH-2,7.0,7.5,퇴적토
PJ_6-12,199941.182,521223.613,0.0,BH-2,7.5,7.7,풍화암
PJ_6-12,199941.182,521223.613,0.0,BH-2,7.7,8.7,풍화토
PJ_6-12,199941.182,521223.613,0.0,BH-2,8.7,14.5,연암
PJ_6-12,199941.182,521223.613,0.0,BH-2,14.5,16.0,보통암
PJ_6-12,199941.182,521223.613,0.0,BH-2,16.0,36.0,경암
PJ_6-13,200909.476,522867.957,0.0,BH-1,0.0,4.0,매립토
PJ_6-13,200909.476,522867.957,0.0,BH-1,4.0,12.0,퇴적토
PJ_6-13,200909.476,522867.957,0.0,BH-1,12.0,15.0,풍화토
PJ_6-13,200893.477,522877.137,0.0,BH-2,0.0,4.5,매립토
PJ_6-13,200893.477,522877.137,0.0,BH-2,4.5,11.5,퇴적토
PJ_6-13,200893.477,522877.137,0.0,BH-2,11.5,14.0,풍화토
PJ_6-13,200893.477,522877.137,0.0,BH-2,14.0,15.0,풍화암
PJ_6-13,200878.16,522889.727,0.0,BH-3,0.0,6.5,매립토
PJ_6-13,200878.16,522889.727,0.0,BH-3,6.5,10.5,퇴적토
PJ_6-13,200878.16,522889.727,0.0,BH-3,10.5,11.0,연암
PJ_6-13,200878.16,522889.727,0.0,BH-3,11.0,12.0,퇴적토
PJ_6-13,200878.16,522889.727,0.0,BH-3,12.0,16.5,풍화토
PJ_6-13,200878.16,522889.727,0.0,BH-3,16.5,20.0,풍화암
PJ_6-13,200878.16,522889.727,0.0,BH-3,20.0,30.0,연암
PJ_6-14,200410.874,523079.154,-0.8,BH-2,0.0,2.0,매립토
PJ_6-14,200410.874,523079.154,-0.8,BH-2,2.0,18.0,풍화토
PJ_6-14,200410.874,523079.154,-0.8,BH-2,18.0,29.7,풍화암
PJ_6-14,200410.874,523079.154,-0.8,BH-2,29.7,32.7,연암
PJ_6-15,199194.642,523638.877,61.12,BH-1,0.0,16.5,매립토
PJ_6-15,199194.642,523638.877,61.12,BH-1,16.5,28.7,퇴적토
PJ_6-15,199194.642,523638.877,61.12,BH-1,28.7,30.0,풍화암
PJ_6-15,199366.3,523761.362,56.82,BH-3,0.0,7.0,매립토
PJ_6-15,199366.3,523761.362,56.82,BH-3,7.0,25.5,퇴적토
PJ_6-15,199366.3,523761.362,56.82,BH-3,25.5,26.6,풍화암
PJ_6-15,199366.3,523761.362,56.82,BH-3,26.6,30.0,연암
PJ_6-15,199470.779,523844.562,53.24,BH-4,0.0,11.0,매립토
PJ_6-15,199470.779,523844.562,53.24,BH-4,11.0,30.0,퇴적토
PJ_6-16,199744.97,522590.582,57.8,BH-1,0.0,2.5,매립토
PJ_6-16,199744.97,522590.582,57.8,BH-1,2.5,7.0,풍화토
PJ_6-16,199744.97,522590.582,57.8,BH-1,7.0,10.2,풍화암
PJ_6-16,199744.97,522590.582,57.8,BH-1,10.2,13.0,연암
PJ_6-16,199744.97,522590.582,57.8,BH-1,13.0,72.0,경암
PJ_6-16,199660.772,522512.463,58.3,BH-2,0.0,3.8,매립토
PJ_6-16,199660.772,522512.463,58.3,BH-2,3.8,8.0,퇴적토
PJ_6-16,199660.772,522512.463,58.3,BH-2,8.0,10.0,풍화토
PJ_6-16,199660.772,522512.463,58.3,BH-2,10.0,11.2,풍화암
PJ_6-16,199660.772,522512.463,58.3,BH-2,11.2,49.0,보통암
PJ_6-16,199660.772,522512.463,58.3,BH-2,49.0,78.5,경암
PJ_6-16,199774.296,522489.962,58.2,BH-3,0.0,7.5,매립토
PJ_6-16,199774.296,522489.962,58.2,BH-3,7.5,11.0,풍화토
PJ_6-16,199774.296,522489.962,58.2,BH-3,11.0,14.0,풍화암
PJ_6-16,199774.296,522489.962,58.2,BH-3,14.0,19.0,보통암
PJ_6-16,199774.296,522489.962,58.2,BH-3,19.0,83.0,경암
PJ_6-16,199743.911,522525.706,59.2,BH-4,0.0,3.0,매립토
PJ_6-16,199743.911,522525.706,59.2,BH-4,3.0,4.8,퇴적토
PJ_6-16,199743.911,522525.706,59.2,BH-4,4.8,5.0,풍화토
PJ_6-16,199743.911,522525.706,59.2,BH-4,5.0,5.6,퇴적토
PJ_6-16,199743.911,522525.706,59.2,BH-4,5.6,6.0,풍화암
PJ_6-16,199743.911,522525.706,59.2,BH-4,6.0,6.3,매립토
PJ_6-16,199743.911,522525.706,59.2,BH-4,6.3,6.5,퇴적토
PJ_6-16,199743.911,522525.706,59.2,BH-4,6.5,7.0,풍화토
PJ_6-16,199743.911,522525.706,59.2,BH-4,7.0,7.5,매립토
PJ_6-16,199743.911,522525.706,59.2,BH-4,7.5,7.9,풍화암
PJ_6-16,199743.911,522525.706,59.2,BH-4,7.9,8.0,매립토
PJ_6-16,199743.911,522525.706,59.2,BH-4,8.0,8.5,퇴적토
PJ_6-16,199743.911,522525.706,59.2,BH-4,8.5,9.0,풍화암
PJ_6-16,199743.911,522525.706,59.2,BH-4,9.0,9.5,퇴적토
PJ_6-16,199743.911,522525.706,59.2,BH-4,9.5,10.0,매립토
PJ_6-16,199743.911,522525.706,59.2,BH-4,10.0,10.5,퇴적토
PJ_6-16,199743.911,522525.706,59.2,BH-4,10.5,11.0,매립토
PJ_6-16,199743.911,522525.706,59.2,BH-4,11.0,11.5,퇴적토
PJ_6-16,199743.911,522525.706,59.2,BH-4,11.5,12.0,풍화암
PJ_6-16,199743.911,522525.706,59.2,BH-4,12.0,13.0,보통암
PJ_6-16,199743.911,522525.706,59.2,BH-4,13.0,13.2,풍화암
PJ_6-16,199743.911,522525.706,59.2,BH-4,13.2,15.5,퇴적토
PJ_6-16,199743.911,522525.706,59.2,BH-4,15.5,16.0,연암
PJ_6-16,199743.911,522525.706,59.2,BH-4,16.0,18.0,풍화토
PJ_6-16,199743.911,522525.706,59.2,BH-4,18.0,18.2,풍화암
PJ_6-16,199743.911,522525.706,59.2,BH-4,18.2,18.5,퇴적토
PJ_6-16,199743.911,522525.706,59.2,BH-4,18.5,19.0,풍화암
PJ_6-16,199743.911,522525.706,59.2,BH-4,19.0,20.0,퇴적토
PJ_6-16,199743.911,522525.706,59.2,BH-4,20.0,21.0,풍화토
PJ_6-16,199743.911,522525.706,59.2,BH-4,21.0,21.5,퇴적토
PJ_6-16,199743.911,522525.706,59.2,BH-4,21.5,24.0,풍화암
PJ_6-16,199743.911,522525.706,59.2,BH-4,24.0,25.0,풍화토
PJ_6-16,199743.911,522525.706,59.2,BH-4,25.0,29.5,풍화암
PJ_6-16,199743.911,522525.706,59.2,BH-4,29.5,31.0,연암
PJ_6-16,199743.911,522525.706,59.2,BH-4,31.0,32.7,풍화암
PJ_6-16,199743.911,522525.706,59.2,BH-4,32.7,34.0,풍화토
PJ_6-16,199743.911,522525.706,59.2,BH-4,34.0,36.7,연암
PJ_6-16,199743.911,522525.706,59.2,BH-4,36.7,37.0,풍화암
PJ_6-16,199743.911,522525.706,59.2,BH-4,37.0,39.7,연암
PJ_6-16,199743.911,522525.706,59.2,BH-4,39.7,40.0,경암
PJ_6-16,199743.911,522525.706,59.2,BH-4,40.0,48.0,연암
PJ_6-16,199743.911,522525.706,59.2,BH-4,48.0,51.7,보통암
PJ_6-16,199743.911,522525.706,59.2,BH-4,51.7,54.0,경암
PJ_6-16,199743.911,522525.706,59.2,BH-4,54.0,55.0,보통암
PJ_6-16,199743.911,522525.706,59.2,BH-4,55.0,61.0,연암
PJ_6-16,199743.911,522525.706,59.2,BH-4,61.0,63.0,보통암
PJ_6-16,199743.911,522525.706,59.2,BH-4,63.0,74.0,경암
PJ_6-16,199743.911,522525.706,59.2,BH-4,74.0,75.0,보통암
PJ_6-16,199743.911,522525.706,59.2,BH-4,75.0,77.0,경암
PJ_6-16,199743.911,522525.706,59.2,BH-4,77.0,79.0,보통암
PJ_6-16,199743.911,522525.706,59.2,BH-4,79.0,81.0,경암
PJ_6-16,199743.911,522525.706,59.2,BH-4,81.0,85.0,보통암
PJ_6-16,199743.911,522525.706,59.2,BH-4,85.0,89.0,경암
PJ_6-16,199691.777,522482.531,59.2,BH-5,0.0,2.5,매립토
PJ_6-16,199691.777,522482.531,59.2,BH-5,2.5,5.5,풍화암
PJ_6-16,199691.777,522482.531,59.2,BH-5,5.5,30.0,경암
PJ_6-16,199704.756,522549.958,59.2,BH-6,0.0,4.3,매립토
PJ_6-16,199704.756,522549.958,59.2,BH-6,4.3,9.0,퇴적토
PJ_6-16,199704.756,522549.958,59.2,BH-6,9.0,9.6,풍화토
PJ_6-16,199704.756,522549.958,59.2,BH-6,9.6,10.3,풍화암
PJ_6-16,199704.756,522549.958,59.2,BH-6,10.3,16.0,보통암
PJ_6-16,199704.756,522549.958,59.2,BH-6,16.0,30.0,경암
PJ_6-17,199619.614,520262.999,18.8,BH-2,0.0,3.0,매립토
PJ_6-17,199619.614,520262.999,18.8,BH-2,3.0,6.0,풍화토
PJ_6-17,199619.614,520262.999,18.8,BH-2,6.0,8.0,풍화암
PJ_6-17,199621.704,520233.337,18.8,BH-3,0.0,3.0,매립토
PJ_6-17,199621.704,520233.337,18.8,BH-3,3.0,5.0,풍화토
PJ_6-17,199621.704,520233.337,18.8,BH-3,5.0,12.0,풍화암
PJ_6-17,199621.704,520233.337,18.8,BH-3,12.0,13.0,연암
PJ_6-17,199621.704,520233.337,18.8,BH-3,13.0,16.0,경암
PJ_6-17,199621.704,520233.337,18.8,BH-3,16.0,22.3,보통암
PJ_6-17,199621.704,520233.337,18.8,BH-3,22.3,31.0,연암
PJ_6-18,196996.58,522805.42,91.9,BH-2,0.0,1.3,매립토
PJ_6-18,196996.58,522805.42,91.9,BH-2,1.3,3.6,풍화토
PJ_6-18,196996.58,522805.42,91.9,BH-2,3.6,6.0,경암
PJ_6-18,196996.58,522805.42,91.9,BH-2,6.0,27.0,연암
PJ_6-18,196996.58,522805.42,91.9,BH-2,27.0,48.0,경암
PJ_6-18,196996.58,522805.42,91.9,BH-2,48.0,51.0,연암
PJ_6-18,196996.58,522805.42,91.9,BH-2,51.0,55.0,보통암
PJ_6-18,196979.266,522794.187,100.0,BH-3,0.0,0.6,매립토
PJ_6-18,196979.266,522794.187,100.0,BH-3,0.6,3.0,풍화암
PJ_6-18,196979.266,522794.187,100.0,BH-3,3.0,45.0,경암
PJ_6-19,199958.903,521435.892,45.1,BH-1,0.0,2.5,매립토
PJ_6-19,199958.903,521435.892,45.1,BH-1,2.5,5.0,퇴적토
PJ_6-19,199958.903,521435.892,45.1,BH-1,5.0,15.0,풍화토
PJ_6-19,199958.903,521435.892,45.1,BH-1,15.0,25.0,풍화암
PJ_6-19,199967.174,521423.17,45.3,BH-2,0.0,2.8,매립토
PJ_6-19,199967.174,521423.17,45.3,BH-2,2.8,5.5,퇴적토
PJ_6-19,199967.174,521423.17,45.3,BH-2,5.5,8.0,풍화토
PJ_6-19,199967.174,521423.17,45.3,BH-2,8.0,25.0,풍화암
PJ_6-19,199988.256,521454.034,45.2,BH-3,0.0,2.3,매립토
PJ_6-19,199988.256,521454.034,45.2,BH-3,2.3,5.3,퇴적토
PJ_6-19,199988.256,521454.034,45.2,BH-3,5.3,15.0,풍화토
PJ_6-19,199988.256,521454.034,45.2,BH-3,15.0,30.0,풍화암
PJ_6-19,199996.377,521441.702,45.5,BH-4,0.0,3.5,매립토
PJ_6-19,199996.377,521441.702,45.5,BH-4,3.5,17.0,풍화토
PJ_6-19,199996.377,521441.702,45.5,BH-4,17.0,36.0,풍화암
PJ_6-19,199996.377,521441.702,45.5,BH-4,36.0,39.0,연암
PJ_6-20,200339.633,520306.986,58.2,BH-1,0.0,5.0,매립토
PJ_6-20,200339.633,520306.986,58.2,BH-1,5.0,15.0,풍화토
PJ_6-20,200339.633,520306.986,58.2,BH-1,15.0,20.0,풍화암
PJ_6-20,200339.633,520306.986,58.2,BH-1,20.0,25.0,보통암
PJ_6-20,200339.633,520306.986,58.2,BH-1,25.0,27.0,경암
PJ_7-1,200778.508,523126.301,0.0,BH-1,0.0,7.4,매립토
PJ_7-1,200778.508,523126.301,0.0,BH-1,7.4,16.0,풍화토
PJ_7-1,200778.508,523126.301,0.0,BH-1,16.0,17.5,풍화암
PJ_7-1,200778.508,523126.301,0.0,BH-1,17.5,21.0,연암
PJ_7-1,200791.258,523164.436,0.0,BH-2,0.0,7.5,매립토
PJ_7-1,200791.258,523164.436,0.0,BH-2,7.5,17.0,풍화토
PJ_7-1,200791.258,523164.436,0.0,BH-2,17.0,17.6,풍화암
PJ_7-1,200791.258,523164.436,0.0,BH-2,17.6,30.0,연암
PJ_7-2,198435.541,521008.814,40.27,BH-8,0.0,1.8,매립토
PJ_7-2,198435.541,521008.814,40.27,BH-8,1.8,6.3,퇴적토
PJ_7-2,198435.541,521008.814,40.27,BH-8,6.3,8.0,풍화토
PJ_7-2,198435.541,521008.814,40.27,BH-8,8.0,9.5,풍화암
PJ_7-2,198435.541,521008.814,40.27,BH-8,9.5,30.0,연암
PJ_7-3,198531.137,521190.775,39.32,BH-1,0.0,2.0,매립토
PJ_7-3,198531.137,521190.775,39.32,BH-1,2.0,18.0,퇴적토
PJ_7-3,198531.137,521190.775,39.32,BH-1,18.0,24.0,풍화토
PJ_7-3,198531.137,521190.775,39.32,BH-1,24.0,30.0,풍화암
PJ_7-3,198560.051,521133.289,39.37,BH-2,0.0,2.2,매립토
PJ_7-3,198560.051,521133.289,39.37,BH-2,2.2,18.0,퇴적토
PJ_7-3,198560.051,521133.289,39.37,BH-2,18.0,25.0,풍화토
PJ_7-3,198560.051,521133.289,39.37,BH-2,25.0,28.0,풍화암
PJ_7-4,198917.579,522329.107,44.92,BH-1,0.0,3.3,매립토
PJ_7-4,198917.579,522329.107,44.92,BH-1,3.3,6.0,풍화토
PJ_7-4,198917.579,522329.107,44.92,BH-1,6.0,7.8,풍화암
PJ_7-4,198917.579,522329.107,44.92,BH-1,7.8,10.0,연암
PJ_7-4,198978.723,522337.512,46.7,BH-2,0.0,4.5,매립토
PJ_7-4,198978.723,522337.512,46.7,BH-2,4.5,6.5,풍화토
PJ_7-4,198978.723,522337.512,46.7,BH-2,6.5,25.0,연암
PJ_7-4,198978.723,522337.512,46.7,BH-2,25.0,30.0,보통암
PJ_7-5,198702.159,520722.473,10.54,BH-2,0.0,14.0,매립토
PJ_7-5,198702.159,520722.473,10.54,BH-2,14.0,18.5,퇴적토
PJ_7-5,198702.159,520722.473,10.54,BH-2,18.5,21.5,연암
PJ_7-5,198664.454,520655.761,11.59,BH-7,0.0,14.0,매립토
PJ_7-5,198664.454,520655.761,11.59,BH-7,14.0,17.0,연암
PJ_7-6,198670.407,521787.905,41.23,BH-3,0.0,9.0,매립토
PJ_7-6,198670.407,521787.905,41.23,BH-3,9.0,36.0,풍화암
PJ_7-6,198670.407,521787.905,41.23,BH-3,36.0,40.0,연암
PJ_7-6,198822.669,521651.095,41.3,BH-11,0.0,9.0,매립토
PJ_7-6,198822.669,521651.095,41.3,BH-11,9.0,35.5,풍화암
PJ_7-6,198822.669,521651.095,41.3,BH-11,35.5,40.0,연암
PJ_7-6,198788.4,521633.274,42.12,BH-12,0.0,5.5,매립토
PJ_7-6,198788.4,521633.274,42.12,BH-12,5.5,39.0,풍화암
PJ_7-6,198788.4,521633.274,42.12,BH-12,39.0,42.0,연암
PJ_7-7,198483.649,522128.037,46.1,BH-1,0.0,3.5,매립토
PJ_7-7,198483.649,522128.037,46.1,BH-1,3.5,8.0,풍화토
PJ_7-7,198483.649,522128.037,46.1,BH-1,8.0,25.0,풍화암
PJ_7-7,198483.649,522128.037,46.1,BH-1,25.0,30.0,연암
PJ_7-7,198578.843,522177.288,46.1,BH-2,0.0,3.5,매립토
PJ_7-7,198578.843,522177.288,46.1,BH-2,3.5,8.0,풍화토
PJ_7-7,198578.843,522177.288,46.1,BH-2,8.0,15.0,풍화암
PJ_7-7,198540.495,522126.123,46.3,BH-3,0.0,3.4,매립토
PJ_7-7,198540.495,522126.123,46.3,BH-3,3.4,8.0,풍화토
PJ_7-7,198540.495,522126.123,46.3,BH-3,8.0,15.0,풍화암
PJ_7-8,198670.407,521787.905,41.23,BH-3,0.0,3.6,매립토
PJ_7-8,198670.407,521787.905,41.23,BH-3,3.6,9.4,퇴적토
PJ_7-8,198670.407,521787.905,41.23,BH-3,9.4,17.5,풍화토
PJ_7-8,198670.407,521787.905,41.23,BH-3,17.5,19.7,풍화암
PJ_7-8,198670.407,521787.905,41.23,BH-3,19.7,20.7,연암
PJ_7-8,198822.669,521651.095,41.3,BH-11,0.0,3.3,매립토
PJ_7-8,198822.669,521651.095,41.3,BH-11,3.3,8.5,퇴적토
PJ_7-8,198822.669,521651.095,41.3,BH-11,8.5,16.5,풍화토
PJ_7-8,198822.669,521651.095,41.3,BH-11,16.5,19.1,풍화암
PJ_7-8,198822.669,521651.095,41.3,BH-11,19.1,23.0,연암
PJ_7-8,198822.669,521651.095,41.3,BH-11,23.0,26.0,보통암
PJ_7-8,198788.4,521633.274,42.12,BH-12,0.0,1.9,매립토
PJ_7-8,198788.4,521633.274,42.12,BH-12,1.9,7.7,퇴적토
PJ_7-8,198788.4,521633.274,42.12,BH-12,7.7,12.0,풍화토
PJ_7-8,198788.4,521633.274,42.12,BH-12,12.0,17.0,풍화암
PJ_7-9,198207.647,522112.34,48.4,BH-9,0.0,2.5,매립토
PJ_7-9,198207.647,522112.34,48.4,BH-9,2.5,15.0,풍화토
PJ_7-9,198207.647,522112.34,48.4,BH-9,15.0,19.4,풍화암
PJ_7-9,198207.647,522112.34,48.4,BH-9,19.4,24.0,연암
PJ_7-9,198238.687,522115.785,45.8,BH-10,0.0,1.4,매립토
PJ_7-9,198238.687,522115.785,45.8,BH-10,1.4,13.4,풍화토
PJ_7-9,198238.687,522115.785,45.8,BH-10,13.4,17.4,풍화암
PJ_7-9,198238.687,522115.785,45.8,BH-10,17.4,20.0,연암
PJ_7-10,198348.323,520595.308,40.37,BH-1,0.0,0.4,매립토
PJ_7-10,198348.323,520595.308,40.37,BH-1,0.4,1.2,풍화토
PJ_7-10,198348.323,520595.308,40.37,BH-1,1.2,21.0,연암
PJ_7-10,198348.323,520595.308,40.37,BH-1,21.0,30.0,보통암
PJ_7-11,197937.156,521089.619,50.96,BH-1,0.0,2.0,매립토
PJ_7-11,197937.156,521089.619,50.96,BH-1,2.0,4.0,풍화토
PJ_7-11,197937.156,521089.619,50.96,BH-1,4.0,5.4,풍화암
PJ_7-11,197937.156,521089.619,50.96,BH-1,5.4,8.4,경암
PJ_7-11,197826.986,521238.196,47.97,BH-2,0.0,2.4,매립토
PJ_7-11,197826.986,521238.196,47.97,BH-2,2.4,4.0,풍화토
PJ_7-11,197826.986,521238.196,47.97,BH-2,4.0,13.2,풍화암
PJ_7-11,197826.986,521238.196,47.97,BH-2,13.2,16.2,경암
PJ_7-11,197708.172,521271.705,42.08,BH-3,0.0,1.6,매립토
PJ_7-11,197708.172,521271.705,42.08,BH-3,1.6,2.3,풍화암
PJ_7-11,197708.172,521271.705,42.08,BH-3,2.3,30.0,경암
PJ_7-11,198412.431,522760.054,48.2,TP-4,0.0,2.6,매립토
PJ_7-11,198412.431,522760.054,48.2,TP-4,2.6,4.0,풍화토
PJ_7-11,198412.431,522760.054,48.2,TP-4,4.0,8.3,풍화암
PJ_7-11,198412.431,522760.054,48.2,TP-4,8.3,30.0,경암
PJ_7-11,198393.706,523069.958,50.25,TP-5,0.0,1.5,매립토
PJ_7-11,198393.706,523069.958,50.25,TP-5,1.5,3.9,풍화토
PJ_7-11,198393.706,523069.958,50.25,TP-5,3.9,6.9,경암
PJ_7-11,198371.193,523319.62,51.4,TP-6,0.0,1.7,매립토
PJ_7-11,198371.193,523319.62,51.4,TP-6,1.7,4.0,풍화토
PJ_7-11,198371.193,523319.62,51.4,TP-6,4.0,5.1,풍화암
PJ_7-11,198371.193,523319.62,51.4,TP-6,5.1,8.1,경암
PJ_7-11,199118.051,522358.173,49.65,TP-7,0.0,3.2,매립토
PJ_7-11,199118.051,522358.173,49.65,TP-7,3.2,5.0,풍화토
PJ_7-11,199118.051,522358.173,49.65,TP-7,5.0,9.2,풍화암
PJ_7-11,199118.051,522358.173,49.65,TP-7,9.2,12.2,경암
PJ_7-12,198593.48,521606.93,42.57,BH-9,0.0,7.0,매립토
PJ_7-12,198593.48,521606.93,42.57,BH-9,7.0,19.0,퇴적토
PJ_7-12,198593.48,521606.93,42.57,BH-9,19.0,20.0,풍화암
PJ_7-12,198593.48,521606.93,42.57,BH-9,20.0,25.0,연암
PJ_7-12,198533.69,521686.207,43.12,BH-10,0.0,6.5,매립토
PJ_7-12,198533.69,521686.207,43.12,BH-10,6.5,19.0,퇴적토
PJ_7-12,198533.69,521686.207,43.12,BH-10,19.0,21.0,연암
PJ_7-16,198683.091,521898.826,43.55,BH-8,0.0,0.8,매립토
PJ_7-16,198683.091,521898.826,43.55,BH-8,0.8,4.0,풍화토
PJ_7-16,198683.091,521898.826,43.55,BH-8,4.0,14.6,풍화암
PJ_7-16,198683.091,521898.826,43.55,BH-8,14.6,30.0,연암
PJ_7-16,198699.124,521875.163,43.5,BH-9,0.0,1.8,매립토
PJ_7-16,198699.124,521875.163,43.5,BH-9,1.8,9.0,풍화토
PJ_7-16,198699.124,521875.163,43.5,BH-9,9.0,14.0,풍화암
PJ_7-17,199663.643,521301.334,43.05,BH-01,0.0,1.5,매립토
PJ_7-17,199663.643,521301.334,43.05,BH-01,1.5,3.0,풍화토
PJ_7-17,199663.643,521301.334,43.05,BH-01,3.0,3.5,풍화암
PJ_7-17,199663.643,521301.334,43.05,BH-01,3.5,30.0,연암
PJ_7-17,199724.853,521215.068,42.96,BH-13,0.0,1.7,매립토
PJ_7-17,199724.853,521215.068,42.96,BH-13,1.7,3.0,풍화토
PJ_7-17,199724.853,521215.068,42.96,BH-13,3.0,3.6,풍화암
PJ_7-17,199724.853,521215.068,42.96,BH-13,3.6,30.0,연암
PJ_7-18,198875.152,521832.675,40.88,BH-14,0.0,7.9,매립토
PJ_7-18,198875.152,521832.675,40.88,BH-14,7.9,14.5,퇴적토
PJ_7-18,198875.152,521832.675,40.88,BH-14,14.5,15.5,풍화암
PJ_7-18,198875.152,521832.675,40.88,BH-14,15.5,30.5,연암
PJ_7-18,198875.152,521832.675,40.88,BH-14,30.5,32.5,보통암
PJ_7-18,198875.152,521832.675,40.88,BH-14,32.5,38.5,연암
PJ_7-18,198875.152,521832.675,40.88,BH-14,38.5,40.5,보통암
PJ_7-18,198875.152,521832.675,40.88,BH-14,40.5,44.0,연암
PJ_7-18,198875.152,521832.675,40.88,BH-14,44.0,46.0,보통암
PJ_7-18,198875.152,521832.675,40.88,BH-14,46.0,49.0,연암
PJ_7-18,198875.152,521832.675,40.88,BH-14,49.0,64.0,보통암
PJ_7-18,198875.152,521832.675,40.88,BH-14,64.0,70.0,연암
PJ_7-18,198875.152,521832.675,40.88,BH-14,70.0,73.0,경암
PJ_7-19,199216.38,521401.496,39.73,BH-18,0.0,4.5,매립토
PJ_7-19,199216.38,521401.496,39.73,BH-18,4.5,8.0,퇴적토
PJ_7-19,199216.38,521401.496,39.73,BH-18,8.0,9.0,풍화토
PJ_7-19,199216.38,521401.496,39.73,BH-18,9.0,11.0,풍화암
PJ_7-19,199216.38,521401.496,39.73,BH-18,11.0,42.0,연암
PJ_7-20,198511.951,520811.876,36.6,BH-7,0.0,5.5,매립토
PJ_7-20,198511.951,520811.876,36.6,BH-7,5.5,20.0,풍화토
PJ_7-20,198511.951,520811.876,36.6,BH-7,20.0,30.5,풍화암
PJ_7-20,198511.951,520811.876,36.6,BH-7,30.5,40.0,보통암
PJ_7-20,198254.92,520976.889,37.5,BH-8,0.0,4.5,매립토
PJ_7-20,198254.92,520976.889,37.5,BH-8,4.5,13.5,풍화토
PJ_7-20,198254.92,520976.889,37.5,BH-8,13.5,17.0,풍화암
PJ_7-20,198254.92,520976.889,37.5,BH-8,17.0,21.5,연암
PJ_7-20,198254.92,520976.889,37.5,BH-8,21.5,24.5,보통암
PJ_7-20,198254.92,520976.889,37.5,BH-8,24.5,35.0,경암
PJ_7-20,198242.922,520721.863,38.4,BH-11,0.0,10.0,매립토
PJ_7-20,198242.922,520721.863,38.4,BH-11,10.0,23.0,풍화토
PJ_7-20,198242.922,520721.863,38.4,BH-11,23.0,36.0,풍화암
PJ_7-20,198242.922,520721.863,38.4,BH-11,36.0,42.0,연암
PJ_8-1,199171.005,522043.009,45.4,TP-2,0.0,2.5,매립토
PJ_8-1,199171.005,522043.009,45.4,TP-2,2.5,10.6,퇴적토
PJ_8-1,199171.005,522043.009,45.4,TP-2,10.6,15.0,풍화토
PJ_8-1,199171.005,522043.009,45.4,TP-2,15.0,15.3,풍화암
PJ_8-1,199171.005,522043.009,45.4,TP-2,15.3,19.0,연암
PJ_8-1,199589.061,521409.953,44.0,TP-14,0.0,2.6,매립토
PJ_8-1,199589.061,521409.953,44.0,TP-14,2.6,11.3,퇴적토
PJ_8-1,199589.061,521409.953,44.0,TP-14,11.3,16.0,풍화토
PJ_8-1,199589.061,521409.953,44.0,TP-14,16.0,17.4,풍화암
PJ_8-1,199589.061,521409.953,44.0,TP-14,17.4,23.4,연암
PJ_8-1,199659.073,521244.937,41.7,TP-15,0.0,2.6,매립토
PJ_8-1,199659.073,521244.937,41.7,TP-15,2.6,10.8,퇴적토
PJ_8-1,199659.073,521244.937,41.7,TP-15,10.8,12.5,풍화토
PJ_8-1,199659.073,521244.937,41.7,TP-15,12.5,14.0,연암
